Local Time,kW sd del
2019-05-01 00:00:00,1627.8301086425781
2019-05-01 01:00:00,1452.8810729980469
2019-05-01 02:00:00,1282.6134948730469
2019-05-01 03:00:00,1168.7854309082031
2019-05-01 04:00:00,1093.3384399414062
2019-05-01 05:00:00,1012.1875915527344
2019-05-01 06:00:00,921.3081359863281
2019-05-01 07:00:00,863.63818359375
2019-05-01 08:00:00,940.0933990478516
2019-05-01 09:00:00,1163.0073852539062
2019-05-01 10:00:00,1331.7781372070312
2019-05-01 11:00:00,1489.7337646484375
2019-05-01 12:00:00,1606.8386535644531
2019-05-01 13:00:00,1735.2271423339844
2019-05-01 14:00:00,1756.9273986816406
2019-05-01 15:00:00,1826.021484375
2019-05-01 16:00:00,1797.7746887207031
2019-05-01 17:00:00,1684.3236083984375
2019-05-01 18:00:00,1625.87890625
2019-05-01 19:00:00,1677.5735778808594
2019-05-01 20:00:00,1717.1157531738281
2019-05-01 21:00:00,1826.4336242675781
2019-05-01 22:00:00,1867.4333801269531
2019-05-01 23:00:00,1800.2270812988281
2019-05-02 00:00:00,1604.5357360839844
2019-05-02 01:00:00,1391.0283508300781
2019-05-02 02:00:00,1257.6001586914062
2019-05-02 03:00:00,1146.2484741210938
2019-05-02 04:00:00,1040.2098388671875
2019-05-02 05:00:00,983.1136779785156
2019-05-02 06:00:00,917.0855102539062
2019-05-02 07:00:00,779.3455505371094
2019-05-02 08:00:00,745.7837219238281
2019-05-02 09:00:00,789.3362121582031
2019-05-02 10:00:00,875.9266815185547
2019-05-02 11:00:00,973.3526000976562
2019-05-02 12:00:00,1075.0870056152344
2019-05-02 13:00:00,1142.7756958007812
2019-05-02 14:00:00,1235.32666015625
2019-05-02 15:00:00,1400.00390625
2019-05-02 16:00:00,1392.9316101074219
2019-05-02 17:00:00,1286.6062316894531
2019-05-02 18:00:00,1299.0368347167969
2019-05-02 19:00:00,1459.1376037597656
2019-05-02 20:00:00,1514.4022827148438
2019-05-02 21:00:00,1579.4681091308594
2019-05-02 22:00:00,1593.3268737792969
2019-05-02 23:00:00,1536.8177795410156
2019-05-03 00:00:00,1429.6976623535156
2019-05-03 01:00:00,1309.9241638183594
2019-05-03 02:00:00,1203.1520385742188
2019-05-03 03:00:00,1111.9653930664062
2019-05-03 04:00:00,1036.6785736083984
2019-05-03 05:00:00,961.1783447265625
2019-05-03 06:00:00,863.3415985107422
2019-05-03 07:00:00,792.7705535888672
2019-05-03 08:00:00,841.6119689941406
2019-05-03 09:00:00,1037.825210571289
2019-05-03 10:00:00,1226.9736633300781
2019-05-03 11:00:00,1340.9304809570312
2019-05-03 12:00:00,1385.55126953125
2019-05-03 13:00:00,1361.5462951660156
2019-05-03 14:00:00,1419.2327880859375
2019-05-03 15:00:00,1546.7539978027344
2019-05-03 16:00:00,1525.4374084472656
2019-05-03 17:00:00,1383.1868896484375
2019-05-03 18:00:00,1391.016845703125
2019-05-03 19:00:00,1515.6784973144531
2019-05-03 20:00:00,1527.5350341796875
2019-05-03 21:00:00,1557.4026184082031
2019-05-03 22:00:00,1574.1543273925781
2019-05-03 23:00:00,1528.328857421875
2019-05-04 00:00:00,1466.7708129882812
2019-05-04 01:00:00,1366.1622314453125
2019-05-04 02:00:00,1255.3642883300781
2019-05-04 03:00:00,1169.0341186523438
2019-05-04 04:00:00,1075.5679321289062
2019-05-04 05:00:00,999.5799102783203
2019-05-04 06:00:00,893.6106414794922
2019-05-04 07:00:00,817.6084594726562
2019-05-04 08:00:00,973.43701171875
2019-05-04 09:00:00,1209.8979797363281
2019-05-04 10:00:00,1347.8004455566406
2019-05-04 11:00:00,1422.2329711914062
2019-05-04 12:00:00,1518.0405578613281
2019-05-04 13:00:00,1591.2145690917969
2019-05-04 14:00:00,1674.5152893066406
2019-05-04 15:00:00,1590.2752990722656
2019-05-04 16:00:00,1506.2923583984375
2019-05-04 17:00:00,1421.3641052246094
2019-05-04 18:00:00,1522.4657897949219
2019-05-04 19:00:00,1535.1526184082031
2019-05-04 20:00:00,1482.5967407226562
2019-05-04 21:00:00,1527.0953674316406
2019-05-04 22:00:00,1570.7802734375
2019-05-04 23:00:00,1524.0285949707031
2019-05-05 00:00:00,1487.1941833496094
2019-05-05 01:00:00,1380.8525390625
2019-05-05 02:00:00,1227.8656921386719
2019-05-05 03:00:00,1127.6294555664062
2019-05-05 04:00:00,1057.0964050292969
2019-05-05 05:00:00,979.9192504882812
2019-05-05 06:00:00,877.4478302001953
2019-05-05 07:00:00,809.3145294189453
2019-05-05 08:00:00,904.8532562255859
2019-05-05 09:00:00,1043.3358612060547
2019-05-05 10:00:00,1184.3373718261719
2019-05-05 11:00:00,1305.7230529785156
2019-05-05 12:00:00,1440.5146179199219
2019-05-05 13:00:00,1576.7761535644531
2019-05-05 14:00:00,1712.0776672363281
2019-05-05 15:00:00,1758.7672119140625
2019-05-05 16:00:00,1792.7926330566406
2019-05-05 17:00:00,1711.5845947265625
2019-05-05 18:00:00,1735.0150146484375
2019-05-05 19:00:00,1835.1544189453125
2019-05-05 20:00:00,1860.3753356933594
2019-05-05 21:00:00,1962.4100036621094
2019-05-05 22:00:00,1981.9274291992188
2019-05-05 23:00:00,1883.69384765625
2019-05-06 00:00:00,1676.6670532226562
2019-05-06 01:00:00,1493.3048095703125
2019-05-06 02:00:00,1336.8797302246094
2019-05-06 03:00:00,1207.5756225585938
2019-05-06 04:00:00,1104.5140686035156
2019-05-06 05:00:00,1035.9705047607422
2019-05-06 06:00:00,968.5994873046875
2019-05-06 07:00:00,785.1356048583984
2019-05-06 08:00:00,789.9442901611328
2019-05-06 09:00:00,832.2052764892578
2019-05-06 10:00:00,914.6399383544922
2019-05-06 11:00:00,978.4476928710938
2019-05-06 12:00:00,1084.5110778808594
2019-05-06 13:00:00,1205.8683471679688
2019-05-06 14:00:00,1357.925048828125
2019-05-06 15:00:00,1629.7084350585938
2019-05-06 16:00:00,1673.0234375
2019-05-06 17:00:00,1543.8099060058594
2019-05-06 18:00:00,1535.5528259277344
2019-05-06 19:00:00,1698.2935180664062
2019-05-06 20:00:00,1852.3313598632812
2019-05-06 21:00:00,1930.8242797851562
2019-05-06 22:00:00,1949.9014892578125
2019-05-06 23:00:00,1835.3377990722656
2019-05-07 00:00:00,1655.7232055664062
2019-05-07 01:00:00,1452.4767456054688
2019-05-07 02:00:00,1304.5138549804688
2019-05-07 03:00:00,1183.5030517578125
2019-05-07 04:00:00,1082.4816589355469
2019-05-07 05:00:00,1005.9170532226562
2019-05-07 06:00:00,935.2292633056641
2019-05-07 07:00:00,789.9618682861328
2019-05-07 08:00:00,768.716552734375
2019-05-07 09:00:00,833.0406036376953
2019-05-07 10:00:00,911.2191009521484
2019-05-07 11:00:00,984.7814483642578
2019-05-07 12:00:00,1100.1076965332031
2019-05-07 13:00:00,1225.248779296875
2019-05-07 14:00:00,1334.50439453125
2019-05-07 15:00:00,1477.1651000976562
2019-05-07 16:00:00,1546.4830932617188
2019-05-07 17:00:00,1449.4445495605469
2019-05-07 18:00:00,1449.7550659179688
2019-05-07 19:00:00,1541.4188232421875
2019-05-07 20:00:00,1727.3779602050781
2019-05-07 21:00:00,1860.1613464355469
2019-05-07 22:00:00,1868.4395141601562
2019-05-07 23:00:00,1816.1263732910156
2019-05-08 00:00:00,1651.3658142089844
2019-05-08 01:00:00,1479.3454895019531
2019-05-08 02:00:00,1341.5479125976562
2019-05-08 03:00:00,1229.7074279785156
2019-05-08 04:00:00,1108.3883972167969
2019-05-08 05:00:00,1036.6099548339844
2019-05-08 06:00:00,969.9524841308594
2019-05-08 07:00:00,823.4441070556641
2019-05-08 08:00:00,823.5604858398438
2019-05-08 09:00:00,899.890869140625
2019-05-08 10:00:00,959.6299133300781
2019-05-08 11:00:00,996.2358703613281
2019-05-08 12:00:00,1125.1960144042969
2019-05-08 13:00:00,1240.0721130371094
2019-05-08 14:00:00,1393.5085144042969
2019-05-08 15:00:00,1632.9622497558594
2019-05-08 16:00:00,1706.4834289550781
2019-05-08 17:00:00,1566.650634765625
2019-05-08 18:00:00,1570.4798278808594
2019-05-08 19:00:00,1738.5749206542969
2019-05-08 20:00:00,1856.2241821289062
2019-05-08 21:00:00,1921.4510803222656
2019-05-08 22:00:00,1968.4195251464844
2019-05-08 23:00:00,1917.0674743652344
2019-05-09 00:00:00,1741.3213500976562
2019-05-09 01:00:00,1525.5487976074219
2019-05-09 02:00:00,1346.0900268554688
2019-05-09 03:00:00,1241.0342712402344
2019-05-09 04:00:00,1110.6570434570312
2019-05-09 05:00:00,1026.6215209960938
2019-05-09 06:00:00,966.4307403564453
2019-05-09 07:00:00,797.0034637451172
2019-05-09 08:00:00,734.5454559326172
2019-05-09 09:00:00,785.154296875
2019-05-09 10:00:00,840.3941040039062
2019-05-09 11:00:00,907.7839965820312
2019-05-09 12:00:00,983.4448089599609
2019-05-09 13:00:00,1077.2466735839844
2019-05-09 14:00:00,1224.058349609375
2019-05-09 15:00:00,1389.9129333496094
2019-05-09 16:00:00,1380.51611328125
2019-05-09 17:00:00,1287.7015075683594
2019-05-09 18:00:00,1314.4655151367188
2019-05-09 19:00:00,1405.7431640625
2019-05-09 20:00:00,1489.1438903808594
2019-05-09 21:00:00,1582.6685485839844
2019-05-09 22:00:00,1633.5983276367188
2019-05-09 23:00:00,1500.7634887695312
2019-05-10 00:00:00,1357.9144287109375
2019-05-10 01:00:00,1205.7173461914062
2019-05-10 02:00:00,1086.19384765625
2019-05-10 03:00:00,999.9300231933594
2019-05-10 04:00:00,928.8600463867188
2019-05-10 05:00:00,861.0823669433594
2019-05-10 06:00:00,878.3990173339844
2019-05-10 07:00:00,748.4815826416016
2019-05-10 08:00:00,723.8726043701172
2019-05-10 09:00:00,756.2797241210938
2019-05-10 10:00:00,871.2757263183594
2019-05-10 11:00:00,937.53564453125
2019-05-10 12:00:00,1076.5598449707031
2019-05-10 13:00:00,1176.100830078125
2019-05-10 14:00:00,1308.735595703125
2019-05-10 15:00:00,1559.3526000976562
2019-05-10 16:00:00,1679.303955078125
2019-05-10 17:00:00,1489.0488586425781
2019-05-10 18:00:00,1453.8109436035156
2019-05-10 19:00:00,1597.5414428710938
2019-05-10 20:00:00,1690.0559997558594
2019-05-10 21:00:00,1739.8941955566406
2019-05-10 22:00:00,1749.0679626464844
2019-05-10 23:00:00,1720.3061218261719
2019-05-11 00:00:00,1641.9017639160156
2019-05-11 01:00:00,1473.8280639648438
2019-05-11 02:00:00,1329.06396484375
2019-05-11 03:00:00,1198.6900024414062
2019-05-11 04:00:00,1083.6737060546875
2019-05-11 05:00:00,1003.4609680175781
2019-05-11 06:00:00,882.8481903076172
2019-05-11 07:00:00,825.0990142822266
2019-05-11 08:00:00,905.3699035644531
2019-05-11 09:00:00,1052.3336029052734
2019-05-11 10:00:00,1106.3246154785156
2019-05-11 11:00:00,1266.3365478515625
2019-05-11 12:00:00,1357.2925415039062
2019-05-11 13:00:00,1437.3233642578125
2019-05-11 14:00:00,1442.7413940429688
2019-05-11 15:00:00,1459.3602294921875
2019-05-11 16:00:00,1615.3918151855469
2019-05-11 17:00:00,1629.2648620605469
2019-05-11 18:00:00,1536.9278259277344
2019-05-11 19:00:00,1564.6810302734375
2019-05-11 20:00:00,1517.7663269042969
2019-05-11 21:00:00,1508.7243347167969
2019-05-11 22:00:00,1550.4712524414062
2019-05-11 23:00:00,1590.8473205566406
2019-05-12 00:00:00,1514.1082153320312
2019-05-12 01:00:00,1391.631591796875
2019-05-12 02:00:00,1279.58642578125
2019-05-12 03:00:00,1188.9290161132812
2019-05-12 04:00:00,1097.5322265625
2019-05-12 05:00:00,1012.9114227294922
2019-05-12 06:00:00,920.5927581787109
2019-05-12 07:00:00,857.4629974365234
2019-05-12 08:00:00,923.3992767333984
2019-05-12 09:00:00,1003.2239685058594
2019-05-12 10:00:00,1047.3080749511719
2019-05-12 11:00:00,1105.8495788574219
2019-05-12 12:00:00,1187.0253295898438
2019-05-12 13:00:00,1214.3925170898438
2019-05-12 14:00:00,1194.0823364257812
2019-05-12 15:00:00,1187.6115417480469
2019-05-12 16:00:00,1194.9493713378906
2019-05-12 17:00:00,1141.796875
2019-05-12 18:00:00,1225.4813232421875
2019-05-12 19:00:00,1382.1211547851562
2019-05-12 20:00:00,1445.1995849609375
2019-05-12 21:00:00,1540.7013549804688
2019-05-12 22:00:00,1631.5194396972656
2019-05-12 23:00:00,1595.9769592285156
2019-05-13 00:00:00,1409.628662109375
2019-05-13 01:00:00,1250.0932922363281
2019-05-13 02:00:00,1130.3805847167969
2019-05-13 03:00:00,1039.0535430908203
2019-05-13 04:00:00,948.0144500732422
2019-05-13 05:00:00,896.877197265625
2019-05-13 06:00:00,879.0737609863281
2019-05-13 07:00:00,723.3821411132812
2019-05-13 08:00:00,716.9337615966797
2019-05-13 09:00:00,802.4450073242188
2019-05-13 10:00:00,841.1920318603516
2019-05-13 11:00:00,850.7010192871094
2019-05-13 12:00:00,903.0532684326172
2019-05-13 13:00:00,943.9679565429688
2019-05-13 14:00:00,1101.776611328125
2019-05-13 15:00:00,1301.3627624511719
2019-05-13 16:00:00,1322.4257507324219
2019-05-13 17:00:00,1278.0720825195312
2019-05-13 18:00:00,1278.6306762695312
2019-05-13 19:00:00,1462.0802612304688
2019-05-13 20:00:00,1646.4695434570312
2019-05-13 21:00:00,1741.0398559570312
2019-05-13 22:00:00,1756.9072265625
2019-05-13 23:00:00,1637.7771606445312
2019-05-14 00:00:00,1490.299072265625
2019-05-14 01:00:00,1317.5267639160156
2019-05-14 02:00:00,1172.3499755859375
2019-05-14 03:00:00,1065.0209045410156
2019-05-14 04:00:00,982.9823608398438
2019-05-14 05:00:00,940.3984527587891
2019-05-14 06:00:00,920.5254974365234
2019-05-14 07:00:00,735.6372222900391
2019-05-14 08:00:00,683.7266540527344
2019-05-14 09:00:00,738.8875274658203
2019-05-14 10:00:00,825.5140228271484
2019-05-14 11:00:00,892.4073791503906
2019-05-14 12:00:00,969.8164367675781
2019-05-14 13:00:00,1054.8006439208984
2019-05-14 14:00:00,1165.7356872558594
2019-05-14 15:00:00,1341.3106079101562
2019-05-14 16:00:00,1430.4775695800781
2019-05-14 17:00:00,1407.654541015625
2019-05-14 18:00:00,1440.4977722167969
2019-05-14 19:00:00,1575.3744201660156
2019-05-14 20:00:00,1679.0818786621094
2019-05-14 21:00:00,1749.0964965820312
2019-05-14 22:00:00,1771.8201904296875
2019-05-14 23:00:00,1726.064208984375
2019-05-15 00:00:00,1513.1062927246094
2019-05-15 01:00:00,1351.9464721679688
2019-05-15 02:00:00,1202.0762634277344
2019-05-15 03:00:00,1103.1653442382812
2019-05-15 04:00:00,998.2587890625
2019-05-15 05:00:00,962.4831695556641
2019-05-15 06:00:00,937.1324310302734
2019-05-15 07:00:00,758.8671417236328
2019-05-15 08:00:00,694.2268676757812
2019-05-15 09:00:00,764.6195983886719
2019-05-15 10:00:00,823.5857543945312
2019-05-15 11:00:00,869.0139770507812
2019-05-15 12:00:00,891.7065582275391
2019-05-15 13:00:00,939.2729949951172
2019-05-15 14:00:00,988.9707183837891
2019-05-15 15:00:00,1220.4435729980469
2019-05-15 16:00:00,1293.5812072753906
2019-05-15 17:00:00,1248.4636535644531
2019-05-15 18:00:00,1290.0086669921875
2019-05-15 19:00:00,1418.7313842773438
2019-05-15 20:00:00,1530.6513671875
2019-05-15 21:00:00,1607.4853210449219
2019-05-15 22:00:00,1631.8575744628906
2019-05-15 23:00:00,1557.586669921875
2019-05-16 00:00:00,1403.1601257324219
2019-05-16 01:00:00,1249.6590270996094
2019-05-16 02:00:00,1114.0075378417969
2019-05-16 03:00:00,1018.4058685302734
2019-05-16 04:00:00,941.431884765625
2019-05-16 05:00:00,895.9340667724609
2019-05-16 06:00:00,880.9520111083984
2019-05-16 07:00:00,732.140380859375
2019-05-16 08:00:00,703.9386291503906
2019-05-16 09:00:00,742.6091461181641
2019-05-16 10:00:00,849.8428802490234
2019-05-16 11:00:00,904.0016326904297
2019-05-16 12:00:00,901.2191009521484
2019-05-16 13:00:00,932.9732360839844
2019-05-16 14:00:00,1054.7083587646484
2019-05-16 15:00:00,1222.7767944335938
2019-05-16 16:00:00,1337.2347412109375
2019-05-16 17:00:00,1221.2918701171875
2019-05-16 18:00:00,1217.5744323730469
2019-05-16 19:00:00,1396.0706176757812
2019-05-16 20:00:00,1501.2778015136719
2019-05-16 21:00:00,1548.9564208984375
2019-05-16 22:00:00,1556.3070068359375
2019-05-16 23:00:00,1491.0108032226562
2019-05-17 00:00:00,1353.842041015625
2019-05-17 01:00:00,1202.1495056152344
2019-05-17 02:00:00,1083.0444946289062
2019-05-17 03:00:00,990.3832855224609
2019-05-17 04:00:00,892.8981628417969
2019-05-17 05:00:00,860.9439544677734
2019-05-17 06:00:00,855.7877349853516
2019-05-17 07:00:00,706.3262481689453
2019-05-17 08:00:00,685.2204284667969
2019-05-17 09:00:00,724.4137115478516
2019-05-17 10:00:00,807.5287780761719
2019-05-17 11:00:00,882.519287109375
2019-05-17 12:00:00,949.9929046630859
2019-05-17 13:00:00,1063.4578552246094
2019-05-17 14:00:00,1201.8734741210938
2019-05-17 15:00:00,1373.7762756347656
2019-05-17 16:00:00,1424.1168518066406
2019-05-17 17:00:00,1243.9507446289062
2019-05-17 18:00:00,1284.6148986816406
2019-05-17 19:00:00,1444.8200988769531
2019-05-17 20:00:00,1487.5942687988281
2019-05-17 21:00:00,1521.7337951660156
2019-05-17 22:00:00,1579.7333679199219
2019-05-17 23:00:00,1548.0951232910156
2019-05-18 00:00:00,1435.7787475585938
2019-05-18 01:00:00,1304.9558715820312
2019-05-18 02:00:00,1212.0401000976562
2019-05-18 03:00:00,1114.7632446289062
2019-05-18 04:00:00,1020.7671508789062
2019-05-18 05:00:00,944.287109375
2019-05-18 06:00:00,848.0514068603516
2019-05-18 07:00:00,797.9811859130859
2019-05-18 08:00:00,849.7974243164062
2019-05-18 09:00:00,911.5250244140625
2019-05-18 10:00:00,964.1269226074219
2019-05-18 11:00:00,1045.5395202636719
2019-05-18 12:00:00,1120.8550109863281
2019-05-18 13:00:00,1225.2259216308594
2019-05-18 14:00:00,1337.6403503417969
2019-05-18 15:00:00,1471.8826599121094
2019-05-18 16:00:00,1559.8738403320312
2019-05-18 17:00:00,1518.2731018066406
2019-05-18 18:00:00,1472.4839172363281
2019-05-18 19:00:00,1470.5404357910156
2019-05-18 20:00:00,1474.9212341308594
2019-05-18 21:00:00,1484.0293884277344
2019-05-18 22:00:00,1488.8150329589844
2019-05-18 23:00:00,1496.125
2019-05-19 00:00:00,1393.7906799316406
2019-05-19 01:00:00,1291.1481323242188
2019-05-19 02:00:00,1210.569580078125
2019-05-19 03:00:00,1125.2885131835938
2019-05-19 04:00:00,1059.85888671875
2019-05-19 05:00:00,970.466552734375
2019-05-19 06:00:00,888.7560729980469
2019-05-19 07:00:00,803.8683776855469
2019-05-19 08:00:00,856.2797698974609
2019-05-19 09:00:00,957.3408203125
2019-05-19 10:00:00,996.6003265380859
2019-05-19 11:00:00,1107.1802673339844
2019-05-19 12:00:00,1260.2265014648438
2019-05-19 13:00:00,1382.7111206054688
2019-05-19 14:00:00,1466.0647888183594
2019-05-19 15:00:00,1554.7247619628906
2019-05-19 16:00:00,1457.6263732910156
2019-05-19 17:00:00,1395.1202697753906
2019-05-19 18:00:00,1394.7054443359375
2019-05-19 19:00:00,1463.0886535644531
2019-05-19 20:00:00,1595.89404296875
2019-05-19 21:00:00,1707.3407592773438
2019-05-19 22:00:00,1740.3698425292969
2019-05-19 23:00:00,1611.4725341796875
2019-05-20 00:00:00,1392.5259399414062
2019-05-20 01:00:00,1222.5847778320312
2019-05-20 02:00:00,1102.0211486816406
2019-05-20 03:00:00,1021.9523773193359
2019-05-20 04:00:00,962.2628173828125
2019-05-20 05:00:00,909.4174194335938
2019-05-20 06:00:00,871.9557189941406
2019-05-20 07:00:00,725.6250305175781
2019-05-20 08:00:00,721.9565277099609
2019-05-20 09:00:00,801.0115509033203
2019-05-20 10:00:00,898.9011688232422
2019-05-20 11:00:00,983.5616149902344
2019-05-20 12:00:00,1076.9381103515625
2019-05-20 13:00:00,1113.2223510742188
2019-05-20 14:00:00,1194.9003295898438
2019-05-20 15:00:00,1373.1824951171875
2019-05-20 16:00:00,1332.0888061523438
2019-05-20 17:00:00,1248.2335815429688
2019-05-20 18:00:00,1245.8805541992188
2019-05-20 19:00:00,1403.1984252929688
2019-05-20 20:00:00,1552.1878051757812
2019-05-20 21:00:00,1695.8876342773438
2019-05-20 22:00:00,1769.405029296875
2019-05-20 23:00:00,1612.400390625
2019-05-21 00:00:00,1436.5160217285156
2019-05-21 01:00:00,1255.6778564453125
2019-05-21 02:00:00,1137.5036315917969
2019-05-21 03:00:00,1047.0936279296875
2019-05-21 04:00:00,962.0036773681641
2019-05-21 05:00:00,915.2422332763672
2019-05-21 06:00:00,885.8881988525391
2019-05-21 07:00:00,739.9740142822266
2019-05-21 08:00:00,709.5944976806641
2019-05-21 09:00:00,738.4998931884766
2019-05-21 10:00:00,803.0105743408203
2019-05-21 11:00:00,845.7044830322266
2019-05-21 12:00:00,928.6267395019531
2019-05-21 13:00:00,1036.0127563476562
2019-05-21 14:00:00,1087.8406372070312
2019-05-21 15:00:00,1230.2121887207031
2019-05-21 16:00:00,1258.150146484375
2019-05-21 17:00:00,1211.7568054199219
2019-05-21 18:00:00,1284.2713623046875
2019-05-21 19:00:00,1416.9804382324219
2019-05-21 20:00:00,1576.5101928710938
2019-05-21 21:00:00,1615.9265747070312
2019-05-21 22:00:00,1647.8821716308594
2019-05-21 23:00:00,1562.419921875
2019-05-22 00:00:00,1416.7578735351562
2019-05-22 01:00:00,1250.1700134277344
2019-05-22 02:00:00,1127.3653564453125
2019-05-22 03:00:00,1040.4300231933594
2019-05-22 04:00:00,968.5031127929688
2019-05-22 05:00:00,911.5105285644531
2019-05-22 06:00:00,887.1320190429688
2019-05-22 07:00:00,738.1372375488281
2019-05-22 08:00:00,721.4288787841797
2019-05-22 09:00:00,806.6722412109375
2019-05-22 10:00:00,885.4246520996094
2019-05-22 11:00:00,941.7525329589844
2019-05-22 12:00:00,954.7930908203125
2019-05-22 13:00:00,905.1099829697505
2019-05-22 14:00:00,1024.1263427734375
2019-05-22 15:00:00,1147.8843078613281
2019-05-22 16:00:00,1142.3601379394531
2019-05-22 17:00:00,1060.8188934326172
2019-05-22 18:00:00,1095.9820861816406
2019-05-22 19:00:00,1261.5375366210938
2019-05-22 20:00:00,1379.5223388671875
2019-05-22 21:00:00,1437.2252807617188
2019-05-22 22:00:00,1494.5574645996094
2019-05-22 23:00:00,1435.11962890625
2019-05-23 00:00:00,1280.1755981445312
2019-05-23 01:00:00,1125.7780456542969
2019-05-23 02:00:00,1006.6476593017578
2019-05-23 03:00:00,928.9975433349609
2019-05-23 04:00:00,878.5445404052734
2019-05-23 05:00:00,855.1961059570312
2019-05-23 06:00:00,880.9123992919922
2019-05-23 07:00:00,704.7017211914062
2019-05-23 08:00:00,692.88671875
2019-05-23 09:00:00,788.0799255371094
2019-05-23 10:00:00,851.7957153320312
2019-05-23 11:00:00,913.3302612304688
2019-05-23 12:00:00,960.0276336669922
2019-05-23 13:00:00,1056.0459289550781
2019-05-23 14:00:00,1175.1716918945312
2019-05-23 15:00:00,1275.44775390625
2019-05-23 16:00:00,1227.5715942382812
2019-05-23 17:00:00,1102.1561889648438
2019-05-23 18:00:00,1182.8006896972656
2019-05-23 19:00:00,1295.1870727539062
2019-05-23 20:00:00,1393.2857666015625
2019-05-23 21:00:00,1425.9366149902344
2019-05-23 22:00:00,1453.7855529785156
2019-05-23 23:00:00,1389.61376953125
2019-05-24 00:00:00,1310.05908203125
2019-05-24 01:00:00,1181.5048217773438
2019-05-24 02:00:00,1100.3652648925781
2019-05-24 03:00:00,997.1903228759766
2019-05-24 04:00:00,935.6074829101562
2019-05-24 05:00:00,871.7671051025391
2019-05-24 06:00:00,819.9209136962891
2019-05-24 07:00:00,757.8816070556641
2019-05-24 08:00:00,797.1277160644531
2019-05-24 09:00:00,921.0549774169922
2019-05-24 10:00:00,997.0036163330078
2019-05-24 11:00:00,1144.3251342773438
2019-05-24 12:00:00,1270.6922912597656
2019-05-24 13:00:00,1259.8291320800781
2019-05-24 14:00:00,1181.0337524414062
2019-05-24 15:00:00,1156.3169250488281
2019-05-24 16:00:00,1095.4623413085938
2019-05-24 17:00:00,1062.65966796875
2019-05-24 18:00:00,1112.4085693359375
2019-05-24 19:00:00,1180.2853698730469
2019-05-24 20:00:00,1221.3268127441406
2019-05-24 21:00:00,1244.0064697265625
2019-05-24 22:00:00,1235.6943054199219
2019-05-24 23:00:00,1202.1151123046875
2019-05-25 00:00:00,1106.9724731445312
2019-05-25 01:00:00,1048.5345611572266
2019-05-25 02:00:00,959.3663024902344
2019-05-25 03:00:00,892.1314544677734
2019-05-25 04:00:00,831.3150024414062
2019-05-25 05:00:00,775.026123046875
2019-05-25 06:00:00,703.0063629150391
2019-05-25 07:00:00,645.0872955322266
2019-05-25 08:00:00,686.2585601806641
2019-05-25 09:00:00,778.1406860351562
2019-05-25 10:00:00,856.8360290527344
2019-05-25 11:00:00,1026.2178039550781
2019-05-25 12:00:00,1106.1034545898438
2019-05-25 13:00:00,1129.5695495605469
2019-05-25 14:00:00,1222.5699768066406
2019-05-25 15:00:00,1272.8241577148438
2019-05-25 16:00:00,1252.8384094238281
2019-05-25 17:00:00,1145.6810607910156
2019-05-25 18:00:00,1178.7376098632812
2019-05-25 19:00:00,1286.6119995117188
2019-05-25 20:00:00,1311.1256408691406
2019-05-25 21:00:00,1322.1958618164062
2019-05-25 22:00:00,1320.8841857910156
2019-05-25 23:00:00,1288.415771484375
2019-05-26 00:00:00,1216.7067565917969
2019-05-26 01:00:00,1108.0156860351562
2019-05-26 02:00:00,1007.4928894042969
2019-05-26 03:00:00,955.4563598632812
2019-05-26 04:00:00,877.6086120605469
2019-05-26 05:00:00,814.1358184814453
2019-05-26 06:00:00,749.0780639648438
2019-05-26 07:00:00,672.1697692871094
2019-05-26 08:00:00,762.9266662597656
2019-05-26 09:00:00,956.1644744873047
2019-05-26 10:00:00,1036.139892578125
2019-05-26 11:00:00,1178.0128173828125
2019-05-26 12:00:00,1256.2213134765625
2019-05-26 13:00:00,1375.5057373046875
2019-05-26 14:00:00,1466.1255798339844
2019-05-26 15:00:00,1506.787841796875
2019-05-26 16:00:00,1497.4128112792969
2019-05-26 17:00:00,1399.7213745117188
2019-05-26 18:00:00,1452.4579162597656
2019-05-26 19:00:00,1598.3577880859375
2019-05-26 20:00:00,1649.6170959472656
2019-05-26 21:00:00,1677.1997375488281
2019-05-26 22:00:00,1708.3653564453125
2019-05-26 23:00:00,1597.1589050292969
2019-05-27 00:00:00,1396.2377624511719
2019-05-27 01:00:00,1236.8646240234375
2019-05-27 02:00:00,1100.012939453125
2019-05-27 03:00:00,985.5055541992188
2019-05-27 04:00:00,913.5929870605469
2019-05-27 05:00:00,882.2305755615234
2019-05-27 06:00:00,871.0489654541016
2019-05-27 07:00:00,707.2219085693359
2019-05-27 08:00:00,672.2399139404297
2019-05-27 09:00:00,701.5227355957031
2019-05-27 10:00:00,751.9179382324219
2019-05-27 11:00:00,809.7481231689453
2019-05-27 12:00:00,884.8722991943359
2019-05-27 13:00:00,913.7059478759766
2019-05-27 14:00:00,922.7178649902344
2019-05-27 15:00:00,1121.9407043457031
2019-05-27 16:00:00,1181.4643249511719
2019-05-27 17:00:00,1055.5719909667969
2019-05-27 18:00:00,1111.7132568359375
2019-05-27 19:00:00,1252.1759948730469
2019-05-27 20:00:00,1366.6298828125
2019-05-27 21:00:00,1388.4444580078125
2019-05-27 22:00:00,1412.4967346191406
2019-05-27 23:00:00,1313.9826049804688
2019-05-28 00:00:00,1168.5156555175781
2019-05-28 01:00:00,1042.431167602539
2019-05-28 02:00:00,946.6012420654297
2019-05-28 03:00:00,865.5578918457031
2019-05-28 04:00:00,803.0945434570312
2019-05-28 05:00:00,772.8100128173828
2019-05-28 06:00:00,771.1598663330078
2019-05-28 07:00:00,672.6203155517578
2019-05-28 08:00:00,656.8156280517578
2019-05-28 09:00:00,710.2031402587891
2019-05-28 10:00:00,777.5505981445312
2019-05-28 11:00:00,836.6735687255859
2019-05-28 12:00:00,888.2551116943359
2019-05-28 13:00:00,914.0281066894531
2019-05-28 14:00:00,1023.6268768310547
2019-05-28 15:00:00,1215.9498596191406
2019-05-28 16:00:00,1286.5361328125
2019-05-28 17:00:00,1180.3498229980469
2019-05-28 18:00:00,1206.8562622070312
2019-05-28 19:00:00,1340.7462768554688
2019-05-28 20:00:00,1467.1758422851562
2019-05-28 21:00:00,1664.2231750488281
2019-05-28 22:00:00,1652.7411499023438
2019-05-28 23:00:00,1521.6190795898438
2019-05-29 00:00:00,1366.2105712890625
2019-05-29 01:00:00,1219.3624877929688
2019-05-29 02:00:00,1084.47314453125
2019-05-29 03:00:00,1000.5187683105469
2019-05-29 04:00:00,929.5203857421875
2019-05-29 05:00:00,885.4873352050781
2019-05-29 06:00:00,879.8760070800781
2019-05-29 07:00:00,726.9721832275391
2019-05-29 08:00:00,662.2245178222656
2019-05-29 09:00:00,663.611328125
2019-05-29 10:00:00,715.1575927734375
2019-05-29 11:00:00,802.7953338623047
2019-05-29 12:00:00,846.4144439697266
2019-05-29 13:00:00,933.1682434082031
2019-05-29 14:00:00,990.6904296875
2019-05-29 15:00:00,1012.3776397705078
2019-05-29 16:00:00,997.254150390625
2019-05-29 17:00:00,962.3034973144531
2019-05-29 18:00:00,1053.5516052246094
2019-05-29 19:00:00,1176.6874084472656
2019-05-29 20:00:00,1219.6573181152344
2019-05-29 21:00:00,1248.3220520019531
2019-05-29 22:00:00,1223.5967712402344
2019-05-29 23:00:00,1150.2549743652344
2019-05-30 00:00:00,1046.0822296142578
2019-05-30 01:00:00,922.0625305175781
2019-05-30 02:00:00,844.4258422851562
2019-05-30 03:00:00,799.7775573730469
2019-05-30 04:00:00,747.6945190429688
2019-05-30 05:00:00,737.5081024169922
2019-05-30 06:00:00,781.0076904296875
2019-05-30 07:00:00,662.8688507080078
2019-05-30 08:00:00,645.8553924560547
2019-05-30 09:00:00,665.5233459472656
2019-05-30 10:00:00,699.6796722412109
2019-05-30 11:00:00,721.0337371826172
2019-05-30 12:00:00,783.74658203125
2019-05-30 13:00:00,847.6805114746094
2019-05-30 14:00:00,881.5426635742188
2019-05-30 15:00:00,952.2307891845703
2019-05-30 16:00:00,942.2271728515625
2019-05-30 17:00:00,906.6156005859375
2019-05-30 18:00:00,964.0160217285156
2019-05-30 19:00:00,1136.9829711914062
2019-05-30 20:00:00,1229.4122924804688
2019-05-30 21:00:00,1306.0708923339844
2019-05-30 22:00:00,1306.927978515625
2019-05-30 23:00:00,1231.2947387695312
2019-05-31 00:00:00,1102.2323150634766
2019-05-31 01:00:00,978.8870086669922
2019-05-31 02:00:00,876.0404205322266
2019-05-31 03:00:00,800.1712646484375
2019-05-31 04:00:00,745.1934814453125
2019-05-31 05:00:00,729.2427215576172
2019-05-31 06:00:00,773.1627807617188
2019-05-31 07:00:00,673.137939453125
2019-05-31 08:00:00,673.4096374511719
2019-05-31 09:00:00,686.6630859375
2019-05-31 10:00:00,784.0682373046875
2019-05-31 11:00:00,866.3688354492188
2019-05-31 12:00:00,945.4497222900391
2019-05-31 13:00:00,1041.8773193359375
2019-05-31 14:00:00,1117.4845886230469
2019-05-31 15:00:00,1219.5451354980469
2019-05-31 16:00:00,1203.7980346679688
2019-05-31 17:00:00,1094.3248596191406
2019-05-31 18:00:00,1121.2976989746094
2019-05-31 19:00:00,1176.91943359375
2019-05-31 20:00:00,1193.1071166992188
2019-05-31 21:00:00,1272.1289672851562
2019-05-31 22:00:00,1269.390625
2019-05-31 23:00:00,1210.7266845703125
