2017-01-01 00:00,0
2017-01-01 00:10,0
2017-01-01 00:20,0
2017-01-01 00:30,0
2017-01-01 00:40,0
2017-01-01 00:50,0
2017-01-01 01:00,0
2017-01-01 01:10,0
2017-01-01 01:20,0
2017-01-01 01:30,0
2017-01-01 01:40,0
2017-01-01 01:50,0
2017-01-01 02:00,0
2017-01-01 02:10,0
2017-01-01 02:20,0
2017-01-01 02:30,0
2017-01-01 02:40,0
2017-01-01 02:50,0
2017-01-01 03:00,0
2017-01-01 03:10,0
2017-01-01 03:20,0
2017-01-01 03:30,0
2017-01-01 03:40,0
2017-01-01 03:50,0
2017-01-01 04:00,0
2017-01-01 04:10,0
2017-01-01 04:20,0
2017-01-01 04:30,0
2017-01-01 04:40,0
2017-01-01 04:50,0
2017-01-01 05:00,0
2017-01-01 05:10,0
2017-01-01 05:20,0
2017-01-01 05:30,0
2017-01-01 05:40,0
2017-01-01 05:50,0
2017-01-01 06:00,0
2017-01-01 06:10,0
2017-01-01 06:20,1.6
2017-01-01 06:30,63.9
2017-01-01 06:40,96.5
2017-01-01 06:50,78.7
2017-01-01 07:00,98.6
2017-01-01 07:10,101.1
2017-01-01 07:20,131.4
2017-01-01 07:30,165.8
2017-01-01 07:40,206.8
2017-01-01 07:50,249.1
2017-01-01 08:00,260.9
2017-01-01 08:10,259.8
2017-01-01 08:20,347
2017-01-01 08:30,353.5
2017-01-01 08:40,351.2
2017-01-01 08:50,627.2
2017-01-01 09:00,685.1
2017-01-01 09:10,653.6
2017-01-01 09:20,694.2
2017-01-01 09:30,786.5
2017-01-01 09:40,812.5
2017-01-01 09:50,921.3
2017-01-01 10:00,795
2017-01-01 10:10,792.7
2017-01-01 10:20,872.5
2017-01-01 10:30,710
2017-01-01 10:40,718.8
2017-01-01 10:50,957.9
2017-01-01 11:00,877.5
2017-01-01 11:10,1125.5
2017-01-01 11:20,1248.7
2017-01-01 11:30,1174.5
2017-01-01 11:40,1171.1
2017-01-01 11:50,1191.8
2017-01-01 12:00,1059.4
2017-01-01 12:10,1102.8
2017-01-01 12:20,1149.9
2017-01-01 12:30,1173.9
2017-01-01 12:40,1144.1
2017-01-01 12:50,1159.6
2017-01-01 13:00,1018.2
2017-01-01 13:10,935
2017-01-01 13:20,880.9
2017-01-01 13:30,770.5
2017-01-01 13:40,910.7
2017-01-01 13:50,1084
2017-01-01 14:00,1012.7
2017-01-01 14:10,947.2
2017-01-01 14:20,875.8
2017-01-01 14:30,693.7
2017-01-01 14:40,684.1
2017-01-01 14:50,693.5
2017-01-01 15:00,657.8
2017-01-01 15:10,827.9
2017-01-01 15:20,709.9
2017-01-01 15:30,667.8
2017-01-01 15:40,696.2
2017-01-01 15:50,596.1
2017-01-01 16:00,553.6
2017-01-01 16:10,308.8
2017-01-01 16:20,345.9
2017-01-01 16:30,285.9
2017-01-01 16:40,360.3
2017-01-01 16:50,273.6
2017-01-01 17:00,223.1
2017-01-01 17:10,157.8
2017-01-01 17:20,126.3
2017-01-01 17:30,89.4
2017-01-01 17:40,71.3
2017-01-01 17:50,48.3
2017-01-01 18:00,0
2017-01-01 18:10,0
2017-01-01 18:20,0
2017-01-01 18:30,0
2017-01-01 18:40,0
2017-01-01 18:50,0
2017-01-01 19:00,0
2017-01-01 19:10,0
2017-01-01 19:20,0
2017-01-01 19:30,0
2017-01-01 19:40,0
2017-01-01 19:50,0
2017-01-01 20:00,0
2017-01-01 20:10,0
2017-01-01 20:20,0
2017-01-01 20:30,0
2017-01-01 20:40,0
2017-01-01 20:50,0
2017-01-01 21:00,0
2017-01-01 21:10,0
2017-01-01 21:20,0
2017-01-01 21:30,0
2017-01-01 21:40,0
2017-01-01 21:50,0
2017-01-01 22:00,0
2017-01-01 22:10,0
2017-01-01 22:20,0
2017-01-01 22:30,0
2017-01-01 22:40,0
2017-01-01 22:50,0
2017-01-01 23:00,0
2017-01-01 23:10,0
2017-01-01 23:20,0
2017-01-01 23:30,0
2017-01-01 23:40,0
2017-01-01 23:50,0
2017-01-02 00:00,0
2017-01-02 00:10,0
2017-01-02 00:20,0
2017-01-02 00:30,0
2017-01-02 00:40,0
2017-01-02 00:50,0
2017-01-02 01:00,0
2017-01-02 01:10,0
2017-01-02 01:20,0
2017-01-02 01:30,0
2017-01-02 01:40,0
2017-01-02 01:50,0
2017-01-02 02:00,0
2017-01-02 02:10,0
2017-01-02 02:20,0
2017-01-02 02:30,0
2017-01-02 02:40,0
2017-01-02 02:50,0
2017-01-02 03:00,0
2017-01-02 03:10,0
2017-01-02 03:20,0
2017-01-02 03:30,0
2017-01-02 03:40,0
2017-01-02 03:50,0
2017-01-02 04:00,0
2017-01-02 04:10,0
2017-01-02 04:20,0
2017-01-02 04:30,0
2017-01-02 04:40,0
2017-01-02 04:50,0
2017-01-02 05:00,0
2017-01-02 05:10,0
2017-01-02 05:20,0
2017-01-02 05:30,0
2017-01-02 05:40,0
2017-01-02 05:50,0
2017-01-02 06:00,0
2017-01-02 06:10,0
2017-01-02 06:20,0
2017-01-02 06:30,0
2017-01-02 06:40,0
2017-01-02 06:50,0
2017-01-02 07:00,0
2017-01-02 07:10,16.7
2017-01-02 07:20,19.1
2017-01-02 07:30,44.6
2017-01-02 07:40,73.7
2017-01-02 07:50,66.3
2017-01-02 08:00,71.1
2017-01-02 08:10,35.2
2017-01-02 08:20,69.6
2017-01-02 08:30,92.3
2017-01-02 08:40,119
2017-01-02 08:50,92.8
2017-01-02 09:00,110.7
2017-01-02 09:10,314.7
2017-01-02 09:20,524.2
2017-01-02 09:30,389.7
2017-01-02 09:40,279.6
2017-01-02 09:50,253.4
2017-01-02 10:00,338.7
2017-01-02 10:10,477.1
2017-01-02 10:20,446.6
2017-01-02 10:30,471
2017-01-02 10:40,384.1
2017-01-02 10:50,466.4
2017-01-02 11:00,407.8
2017-01-02 11:10,562.1
2017-01-02 11:20,680.2
2017-01-02 11:30,599.5
2017-01-02 11:40,623.6
2017-01-02 11:50,591.5
2017-01-02 12:00,440
2017-01-02 12:10,291.4
2017-01-02 12:20,195.9
2017-01-02 12:30,110.8
2017-01-02 12:40,206.5
2017-01-02 12:50,199
2017-01-02 13:00,158.4
2017-01-02 13:10,150.9
2017-01-02 13:20,140.5
2017-01-02 13:30,147.6
2017-01-02 13:40,210.8
2017-01-02 13:50,271.3
2017-01-02 14:00,254.1
2017-01-02 14:10,270.7
2017-01-02 14:20,165.7
2017-01-02 14:30,198.2
2017-01-02 14:40,246.4
2017-01-02 14:50,267.8
2017-01-02 15:00,157.8
2017-01-02 15:10,204.8
2017-01-02 15:20,150.8
2017-01-02 15:30,290
2017-01-02 15:40,307.2
2017-01-02 15:50,283.4
2017-01-02 16:00,256.9
2017-01-02 16:10,195.9
2017-01-02 16:20,140.1
2017-01-02 16:30,135.3
2017-01-02 16:40,99.5
2017-01-02 16:50,40.3
2017-01-02 17:00,0
2017-01-02 17:10,0
2017-01-02 17:20,0
2017-01-02 17:30,0
2017-01-02 17:40,0
2017-01-02 17:50,0
2017-01-02 18:00,0
2017-01-02 18:10,0
2017-01-02 18:20,0
2017-01-02 18:30,0
2017-01-02 18:40,0
2017-01-02 18:50,0
2017-01-02 19:00,0
2017-01-02 19:10,0
2017-01-02 19:20,0
2017-01-02 19:30,0
2017-01-02 19:40,0
2017-01-02 19:50,0
2017-01-02 20:00,0
2017-01-02 20:10,0
2017-01-02 20:20,0
2017-01-02 20:30,0
2017-01-02 20:40,0
2017-01-02 20:50,0
2017-01-02 21:00,0
2017-01-02 21:10,0
2017-01-02 21:20,0
2017-01-02 21:30,0
2017-01-02 21:40,0
2017-01-02 21:50,0
2017-01-02 22:00,0
2017-01-02 22:10,0
2017-01-02 22:20,0
2017-01-02 22:30,0
2017-01-02 22:40,0
2017-01-02 22:50,0
2017-01-02 23:00,0
2017-01-02 23:10,0
2017-01-02 23:20,0
2017-01-02 23:30,0
2017-01-02 23:40,0
2017-01-02 23:50,0
2017-01-03 00:00,0
2017-01-03 00:10,0
2017-01-03 00:20,0
2017-01-03 00:30,0
2017-01-03 00:40,0
2017-01-03 00:50,0
2017-01-03 01:00,0
2017-01-03 01:10,0
2017-01-03 01:20,0
2017-01-03 01:30,0
2017-01-03 01:40,0
2017-01-03 01:50,0
2017-01-03 02:00,0
2017-01-03 02:10,0
2017-01-03 02:20,0
2017-01-03 02:30,0
2017-01-03 02:40,0
2017-01-03 02:50,0
2017-01-03 03:00,0
2017-01-03 03:10,0
2017-01-03 03:20,0
2017-01-03 03:30,0
2017-01-03 03:40,0
2017-01-03 03:50,0
2017-01-03 04:00,0
2017-01-03 04:10,0
2017-01-03 04:20,0
2017-01-03 04:30,0
2017-01-03 04:40,0
2017-01-03 04:50,0
2017-01-03 05:00,0
2017-01-03 05:10,0
2017-01-03 05:20,0
2017-01-03 05:30,0
2017-01-03 05:40,0
2017-01-03 05:50,0
2017-01-03 06:00,0
2017-01-03 06:10,0
2017-01-03 06:20,0
2017-01-03 06:30,0
2017-01-03 06:40,0
2017-01-03 06:50,20.4
2017-01-03 07:00,63.9
2017-01-03 07:10,73
2017-01-03 07:20,84.4
2017-01-03 07:30,114.2
2017-01-03 07:40,167.4
2017-01-03 07:50,213.9
2017-01-03 08:00,244.5
2017-01-03 08:10,252.9
2017-01-03 08:20,312.6
2017-01-03 08:30,381.2
2017-01-03 08:40,460.2
2017-01-03 08:50,480.9
2017-01-03 09:00,545.6
2017-01-03 09:10,667.2
2017-01-03 09:20,600.6
2017-01-03 09:30,647.8
2017-01-03 09:40,631.9
2017-01-03 09:50,605
2017-01-03 10:00,700.5
2017-01-03 10:10,856.9
2017-01-03 10:20,830.3
2017-01-03 10:30,1048.1
2017-01-03 10:40,898.1
2017-01-03 10:50,994.7
2017-01-03 11:00,960.4
2017-01-03 11:10,839.8
2017-01-03 11:20,946.3
2017-01-03 11:30,889.2
2017-01-03 11:40,805.4
2017-01-03 11:50,803.5
2017-01-03 12:00,784.4
2017-01-03 12:10,821.4
2017-01-03 12:20,864
2017-01-03 12:30,873.7
2017-01-03 12:40,875.7
2017-01-03 12:50,898.8
2017-01-03 13:00,904.1
2017-01-03 13:10,895.7
2017-01-03 13:20,921.7
2017-01-03 13:30,858.1
2017-01-03 13:40,819.7
2017-01-03 13:50,877.4
2017-01-03 14:00,895.5
2017-01-03 14:10,808
2017-01-03 14:20,766.9
2017-01-03 14:30,870.6
2017-01-03 14:40,764
2017-01-03 14:50,680.7
2017-01-03 15:00,572.8
2017-01-03 15:10,517.8
2017-01-03 15:20,524.7
2017-01-03 15:30,484.8
2017-01-03 15:40,421.5
2017-01-03 15:50,405.3
2017-01-03 16:00,426.5
2017-01-03 16:10,323.3
2017-01-03 16:20,300
2017-01-03 16:30,239.1
2017-01-03 16:40,335.8
2017-01-03 16:50,303.3
2017-01-03 17:00,242.8
2017-01-03 17:10,171.6
2017-01-03 17:20,112.7
2017-01-03 17:30,76.8
2017-01-03 17:40,34.8
2017-01-03 17:50,0
2017-01-03 18:00,0
2017-01-03 18:10,0
2017-01-03 18:20,0
2017-01-03 18:30,0
2017-01-03 18:40,0
2017-01-03 18:50,0
2017-01-03 19:00,0
2017-01-03 19:10,0
2017-01-03 19:20,0
2017-01-03 19:30,0
2017-01-03 19:40,0
2017-01-03 19:50,0
2017-01-03 20:00,0
2017-01-03 20:10,0
2017-01-03 20:20,0
2017-01-03 20:30,0
2017-01-03 20:40,0
2017-01-03 20:50,0
2017-01-03 21:00,0
2017-01-03 21:10,0
2017-01-03 21:20,0
2017-01-03 21:30,0
2017-01-03 21:40,0
2017-01-03 21:50,0
2017-01-03 22:00,0
2017-01-03 22:10,0
2017-01-03 22:20,0
2017-01-03 22:30,0
2017-01-03 22:40,0
2017-01-03 22:50,0
2017-01-03 23:00,0
2017-01-03 23:10,0
2017-01-03 23:20,0
2017-01-03 23:30,0
2017-01-03 23:40,0
2017-01-03 23:50,0
2017-01-04 00:00,0
2017-01-04 00:10,0
2017-01-04 00:20,0
2017-01-04 00:30,0
2017-01-04 00:40,0
2017-01-04 00:50,0
2017-01-04 01:00,0
2017-01-04 01:10,0
2017-01-04 01:20,0
2017-01-04 01:30,0
2017-01-04 01:40,0
2017-01-04 01:50,0
2017-01-04 02:00,0
2017-01-04 02:10,0
2017-01-04 02:20,0
2017-01-04 02:30,0
2017-01-04 02:40,0
2017-01-04 02:50,0
2017-01-04 03:00,0
2017-01-04 03:10,0
2017-01-04 03:20,0
2017-01-04 03:30,0
2017-01-04 03:40,0
2017-01-04 03:50,0
2017-01-04 04:00,0
2017-01-04 04:10,0
2017-01-04 04:20,0
2017-01-04 04:30,0
2017-01-04 04:40,0
2017-01-04 04:50,0
2017-01-04 05:00,0
2017-01-04 05:10,0
2017-01-04 05:20,0
2017-01-04 05:30,0
2017-01-04 05:40,0
2017-01-04 05:50,0
2017-01-04 06:00,0
2017-01-04 06:10,0
2017-01-04 06:20,0
2017-01-04 06:30,0
2017-01-04 06:40,0
2017-01-04 06:50,13.4
2017-01-04 07:00,57.5
2017-01-04 07:10,66.9
2017-01-04 07:20,85.6
2017-01-04 07:30,72.3
2017-01-04 07:40,98.7
2017-01-04 07:50,144.3
2017-01-04 08:00,188.6
2017-01-04 08:10,219.9
2017-01-04 08:20,229.9
2017-01-04 08:30,235
2017-01-04 08:40,223.6
2017-01-04 08:50,228.8
2017-01-04 09:00,233.1
2017-01-04 09:10,241.8
2017-01-04 09:20,254.2
2017-01-04 09:30,247.6
2017-01-04 09:40,252.5
2017-01-04 09:50,242
2017-01-04 10:00,243.3
2017-01-04 10:10,284.3
2017-01-04 10:20,325.9
2017-01-04 10:30,343.4
2017-01-04 10:40,396.9
2017-01-04 10:50,436.5
2017-01-04 11:00,422.1
2017-01-04 11:10,367.5
2017-01-04 11:20,399.3
2017-01-04 11:30,419.7
2017-01-04 11:40,378.6
2017-01-04 11:50,335.2
2017-01-04 12:00,329.8
2017-01-04 12:10,385.2
2017-01-04 12:20,403.5
2017-01-04 12:30,426.9
2017-01-04 12:40,442.3
2017-01-04 12:50,412.6
2017-01-04 13:00,495.8
2017-01-04 13:10,504.4
2017-01-04 13:20,555.3
2017-01-04 13:30,501.6
2017-01-04 13:40,515.8
2017-01-04 13:50,524.8
2017-01-04 14:00,480
2017-01-04 14:10,388
2017-01-04 14:20,316.5
2017-01-04 14:30,343.9
2017-01-04 14:40,317.6
2017-01-04 14:50,310.7
2017-01-04 15:00,312.5
2017-01-04 15:10,324.8
2017-01-04 15:20,331.8
2017-01-04 15:30,358.8
2017-01-04 15:40,345.3
2017-01-04 15:50,335.7
2017-01-04 16:00,313.5
2017-01-04 16:10,283.8
2017-01-04 16:20,245.3
2017-01-04 16:30,185.7
2017-01-04 16:40,138.2
2017-01-04 16:50,111.4
2017-01-04 17:00,93.5
2017-01-04 17:10,76.8
2017-01-04 17:20,40.7
2017-01-04 17:30,2.3
2017-01-04 17:40,0
2017-01-04 17:50,0
2017-01-04 18:00,0
2017-01-04 18:10,0
2017-01-04 18:20,0
2017-01-04 18:30,0
2017-01-04 18:40,0
2017-01-04 18:50,0
2017-01-04 19:00,0
2017-01-04 19:10,0
2017-01-04 19:20,0
2017-01-04 19:30,0
2017-01-04 19:40,0
2017-01-04 19:50,0
2017-01-04 20:00,0
2017-01-04 20:10,0
2017-01-04 20:20,0
2017-01-04 20:30,0
2017-01-04 20:40,0
2017-01-04 20:50,0
2017-01-04 21:00,0
2017-01-04 21:10,0
2017-01-04 21:20,0
2017-01-04 21:30,0
2017-01-04 21:40,0
2017-01-04 21:50,0
2017-01-04 22:00,0
2017-01-04 22:10,0
2017-01-04 22:20,0
2017-01-04 22:30,0
2017-01-04 22:40,0
2017-01-04 22:50,0
2017-01-04 23:00,0
2017-01-04 23:10,0
2017-01-04 23:20,0
2017-01-04 23:30,0
2017-01-04 23:40,0
2017-01-04 23:50,0
2017-01-05 00:00,0
2017-01-05 00:10,0
2017-01-05 00:20,0
2017-01-05 00:30,0
2017-01-05 00:40,0
2017-01-05 00:50,0
2017-01-05 01:00,0
2017-01-05 01:10,0
2017-01-05 01:20,0
2017-01-05 01:30,0
2017-01-05 01:40,0
2017-01-05 01:50,0
2017-01-05 02:00,0
2017-01-05 02:10,0
2017-01-05 02:20,0
2017-01-05 02:30,0
2017-01-05 02:40,0
2017-01-05 02:50,0
2017-01-05 03:00,0
2017-01-05 03:10,0
2017-01-05 03:20,0
2017-01-05 03:30,0
2017-01-05 03:40,0
2017-01-05 03:50,0
2017-01-05 04:00,0
2017-01-05 04:10,0
2017-01-05 04:20,0
2017-01-05 04:30,0
2017-01-05 04:40,0
2017-01-05 04:50,0
2017-01-05 05:00,0
2017-01-05 05:10,0
2017-01-05 05:20,0
2017-01-05 05:30,0
2017-01-05 05:40,0
2017-01-05 05:50,0
2017-01-05 06:00,0
2017-01-05 06:10,0
2017-01-05 06:20,0
2017-01-05 06:30,0
2017-01-05 06:40,0
2017-01-05 06:50,9.2
2017-01-05 07:00,41.8
2017-01-05 07:10,26.1
2017-01-05 07:20,90.7
2017-01-05 07:30,134.4
2017-01-05 07:40,171.1
2017-01-05 07:50,210.1
2017-01-05 08:00,243.7
2017-01-05 08:10,282.8
2017-01-05 08:20,333.4
2017-01-05 08:30,390.8
2017-01-05 08:40,484.2
2017-01-05 08:50,496.6
2017-01-05 09:00,482.5
2017-01-05 09:10,637.1
2017-01-05 09:20,602
2017-01-05 09:30,722.2
2017-01-05 09:40,702.7
2017-01-05 09:50,655.2
2017-01-05 10:00,696.4
2017-01-05 10:10,730.2
2017-01-05 10:20,582.9
2017-01-05 10:30,610.7
2017-01-05 10:40,757.5
2017-01-05 10:50,860.5
2017-01-05 11:00,842
2017-01-05 11:10,807.2
2017-01-05 11:20,882.9
2017-01-05 11:30,858
2017-01-05 11:40,821.9
2017-01-05 11:50,786.7
2017-01-05 12:00,839.2
2017-01-05 12:10,887.2
2017-01-05 12:20,822.9
2017-01-05 12:30,768.6
2017-01-05 12:40,842.2
2017-01-05 12:50,874.8
2017-01-05 13:00,1077.7
2017-01-05 13:10,886.9
2017-01-05 13:20,808
2017-01-05 13:30,696.8
2017-01-05 13:40,748.6
2017-01-05 13:50,701.1
2017-01-05 14:00,671.2
2017-01-05 14:10,1141.4
2017-01-05 14:20,660.9
2017-01-05 14:30,573
2017-01-05 14:40,492.3
2017-01-05 14:50,404.2
2017-01-05 15:00,394.3
2017-01-05 15:10,378.4
2017-01-05 15:20,390.5
2017-01-05 15:30,367.8
2017-01-05 15:40,332
2017-01-05 15:50,314.2
2017-01-05 16:00,282.8
2017-01-05 16:10,265.7
2017-01-05 16:20,265.5
2017-01-05 16:30,248.1
2017-01-05 16:40,216.7
2017-01-05 16:50,180.8
2017-01-05 17:00,140.5
2017-01-05 17:10,103.9
2017-01-05 17:20,72.6
2017-01-05 17:30,59.1
2017-01-05 17:40,30.6
2017-01-05 17:50,0
2017-01-05 18:00,0
2017-01-05 18:10,0
2017-01-05 18:20,0
2017-01-05 18:30,0
2017-01-05 18:40,0
2017-01-05 18:50,0
2017-01-05 19:00,0
2017-01-05 19:10,0
2017-01-05 19:20,0
2017-01-05 19:30,0
2017-01-05 19:40,0
2017-01-05 19:50,0
2017-01-05 20:00,0
2017-01-05 20:10,0
2017-01-05 20:20,0
2017-01-05 20:30,0
2017-01-05 20:40,0
2017-01-05 20:50,0
2017-01-05 21:00,0
2017-01-05 21:10,0
2017-01-05 21:20,0
2017-01-05 21:30,0
2017-01-05 21:40,0
2017-01-05 21:50,0
2017-01-05 22:00,0
2017-01-05 22:10,0
2017-01-05 22:20,0
2017-01-05 22:30,0
2017-01-05 22:40,0
2017-01-05 22:50,0
2017-01-05 23:00,0
2017-01-05 23:10,0
2017-01-05 23:20,0
2017-01-05 23:30,0
2017-01-05 23:40,0
2017-01-05 23:50,0
2017-01-06 00:00,0
2017-01-06 00:10,0
2017-01-06 00:20,0
2017-01-06 00:30,0
2017-01-06 00:40,0
2017-01-06 00:50,0
2017-01-06 01:00,0
2017-01-06 01:10,0
2017-01-06 01:20,0
2017-01-06 01:30,0
2017-01-06 01:40,0
2017-01-06 01:50,0
2017-01-06 02:00,0
2017-01-06 02:10,0
2017-01-06 02:20,0
2017-01-06 02:30,0
2017-01-06 02:40,0
2017-01-06 02:50,0
2017-01-06 03:00,0
2017-01-06 03:10,0
2017-01-06 03:20,0
2017-01-06 03:30,0
2017-01-06 03:40,0
2017-01-06 03:50,0
2017-01-06 04:00,0
2017-01-06 04:10,0
2017-01-06 04:20,0
2017-01-06 04:30,0
2017-01-06 04:40,0
2017-01-06 04:50,0
2017-01-06 05:00,0
2017-01-06 05:10,0
2017-01-06 05:20,0
2017-01-06 05:30,0
2017-01-06 05:40,0
2017-01-06 05:50,0
2017-01-06 06:00,0
2017-01-06 06:10,0
2017-01-06 06:20,0
2017-01-06 06:30,0
2017-01-06 06:40,0
2017-01-06 06:50,2.1
2017-01-06 07:00,35.1
2017-01-06 07:10,79.3
2017-01-06 07:20,137.3
2017-01-06 07:30,237
2017-01-06 07:40,358.3
2017-01-06 07:50,404.5
2017-01-06 08:00,481.8
2017-01-06 08:10,532.1
2017-01-06 08:20,607.8
2017-01-06 08:30,673.9
2017-01-06 08:40,734.7
2017-01-06 08:50,884.7
2017-01-06 09:00,862.2
2017-01-06 09:10,862.1
2017-01-06 09:20,947.5
2017-01-06 09:30,1083.2
2017-01-06 09:40,995.6
2017-01-06 09:50,1028.8
2017-01-06 10:00,1092.9
2017-01-06 10:10,1096.6
2017-01-06 10:20,1049.8
2017-01-06 10:30,1050.8
2017-01-06 10:40,1112
2017-01-06 10:50,1224.6
2017-01-06 11:00,1249.6
2017-01-06 11:10,1150.5
2017-01-06 11:20,1064.9
2017-01-06 11:30,1030.5
2017-01-06 11:40,1138.9
2017-01-06 11:50,1081.6
2017-01-06 12:00,1033
2017-01-06 12:10,910.9
2017-01-06 12:20,862
2017-01-06 12:30,954.1
2017-01-06 12:40,945.5
2017-01-06 12:50,933.2
2017-01-06 13:00,1069.4
2017-01-06 13:10,1082.9
2017-01-06 13:20,1118.1
2017-01-06 13:30,1096.5
2017-01-06 13:40,1100
2017-01-06 13:50,1053
2017-01-06 14:00,1023.6
2017-01-06 14:10,977.3
2017-01-06 14:20,963.3
2017-01-06 14:30,916.8
2017-01-06 14:40,833.2
2017-01-06 14:50,946.7
2017-01-06 15:00,805.1
2017-01-06 15:10,786
2017-01-06 15:20,818
2017-01-06 15:30,685.6
2017-01-06 15:40,718
2017-01-06 15:50,496.6
2017-01-06 16:00,444.4
2017-01-06 16:10,597.2
2017-01-06 16:20,389.6
2017-01-06 16:30,302.4
2017-01-06 16:40,228.3
2017-01-06 16:50,175.8
2017-01-06 17:00,153.5
2017-01-06 17:10,139.9
2017-01-06 17:20,133.2
2017-01-06 17:30,95.4
2017-01-06 17:40,74.1
2017-01-06 17:50,20.9
2017-01-06 18:00,0
2017-01-06 18:10,0
2017-01-06 18:20,0
2017-01-06 18:30,0
2017-01-06 18:40,0
2017-01-06 18:50,0
2017-01-06 19:00,0
2017-01-06 19:10,0
2017-01-06 19:20,0
2017-01-06 19:30,0
2017-01-06 19:40,0
2017-01-06 19:50,0
2017-01-06 20:00,0
2017-01-06 20:10,0
2017-01-06 20:20,0
2017-01-06 20:30,0
2017-01-06 20:40,0
2017-01-06 20:50,0
2017-01-06 21:00,0
2017-01-06 21:10,0
2017-01-06 21:20,0
2017-01-06 21:30,0
2017-01-06 21:40,0
2017-01-06 21:50,0
2017-01-06 22:00,0
2017-01-06 22:10,0
2017-01-06 22:20,0
2017-01-06 22:30,0
2017-01-06 22:40,0
2017-01-06 22:50,0
2017-01-06 23:00,0
2017-01-06 23:10,0
2017-01-06 23:20,0
2017-01-06 23:30,0
2017-01-06 23:40,0
2017-01-06 23:50,0
2017-01-07 00:00,0
2017-01-07 00:10,0
2017-01-07 00:20,0
2017-01-07 00:30,0
2017-01-07 00:40,0
2017-01-07 00:50,0
2017-01-07 01:00,0
2017-01-07 01:10,0
2017-01-07 01:20,0
2017-01-07 01:30,0
2017-01-07 01:40,0
2017-01-07 01:50,0
2017-01-07 02:00,0
2017-01-07 02:10,0
2017-01-07 02:20,0
2017-01-07 02:30,0
2017-01-07 02:40,0
2017-01-07 02:50,0
2017-01-07 03:00,0
2017-01-07 03:10,0
2017-01-07 03:20,0
2017-01-07 03:30,0
2017-01-07 03:40,0
2017-01-07 03:50,0
2017-01-07 04:00,0
2017-01-07 04:10,0
2017-01-07 04:20,0
2017-01-07 04:30,0
2017-01-07 04:40,0
2017-01-07 04:50,0
2017-01-07 05:00,0
2017-01-07 05:10,0
2017-01-07 05:20,0
2017-01-07 05:30,0
2017-01-07 05:40,0
2017-01-07 05:50,0
2017-01-07 06:00,0
2017-01-07 06:10,0
2017-01-07 06:20,0
2017-01-07 06:30,2
2017-01-07 06:40,44.1
2017-01-07 06:50,86.3
2017-01-07 07:00,131.7
2017-01-07 07:10,181.1
2017-01-07 07:20,233.6
2017-01-07 07:30,296.7
2017-01-07 07:40,290.8
2017-01-07 07:50,382.6
2017-01-07 08:00,470.2
2017-01-07 08:10,537.8
2017-01-07 08:20,549.9
2017-01-07 08:30,667.3
2017-01-07 08:40,672.1
2017-01-07 08:50,730.9
2017-01-07 09:00,811.3
2017-01-07 09:10,843.1
2017-01-07 09:20,866.1
2017-01-07 09:30,905.8
2017-01-07 09:40,911.1
2017-01-07 09:50,948.6
2017-01-07 10:00,987.2
2017-01-07 10:10,1019.6
2017-01-07 10:20,1016.2
2017-01-07 10:30,1054.3
2017-01-07 10:40,1071.9
2017-01-07 10:50,1083.3
2017-01-07 11:00,1075.2
2017-01-07 11:10,1105.6
2017-01-07 11:20,1139.8
2017-01-07 11:30,1141.4
2017-01-07 11:40,1143.1
2017-01-07 11:50,1130.7
2017-01-07 12:00,1151.8
2017-01-07 12:10,1119
2017-01-07 12:20,1130.9
2017-01-07 12:30,1144.7
2017-01-07 12:40,1134.2
2017-01-07 12:50,1138.6
2017-01-07 13:00,1089.9
2017-01-07 13:10,1128.8
2017-01-07 13:20,1070.3
2017-01-07 13:30,1035
2017-01-07 13:40,1072.5
2017-01-07 13:50,1037.2
2017-01-07 14:00,984.6
2017-01-07 14:10,1021.6
2017-01-07 14:20,997.2
2017-01-07 14:30,950.9
2017-01-07 14:40,934.4
2017-01-07 14:50,930.6
2017-01-07 15:00,895.2
2017-01-07 15:10,848.5
2017-01-07 15:20,792.1
2017-01-07 15:30,756.3
2017-01-07 15:40,528.9
2017-01-07 15:50,425.4
2017-01-07 16:00,441.5
2017-01-07 16:10,463.8
2017-01-07 16:20,525.8
2017-01-07 16:30,414.9
2017-01-07 16:40,388.2
2017-01-07 16:50,142.7
2017-01-07 17:00,144.2
2017-01-07 17:10,174.3
2017-01-07 17:20,121.5
2017-01-07 17:30,87.7
2017-01-07 17:40,45.6
2017-01-07 17:50,0
2017-01-07 18:00,0
2017-01-07 18:10,0
2017-01-07 18:20,0
2017-01-07 18:30,0
2017-01-07 18:40,0
2017-01-07 18:50,0
2017-01-07 19:00,0
2017-01-07 19:10,0
2017-01-07 19:20,0
2017-01-07 19:30,0
2017-01-07 19:40,0
2017-01-07 19:50,0
2017-01-07 20:00,0
2017-01-07 20:10,0
2017-01-07 20:20,0
2017-01-07 20:30,0
2017-01-07 20:40,0
2017-01-07 20:50,0
2017-01-07 21:00,0
2017-01-07 21:10,0
2017-01-07 21:20,0
2017-01-07 21:30,0
2017-01-07 21:40,0
2017-01-07 21:50,0
2017-01-07 22:00,0
2017-01-07 22:10,0
2017-01-07 22:20,0
2017-01-07 22:30,0
2017-01-07 22:40,0
2017-01-07 22:50,0
2017-01-07 23:00,0
2017-01-07 23:10,0
2017-01-07 23:20,0
2017-01-07 23:30,0
2017-01-07 23:40,0
2017-01-07 23:50,0
2017-01-08 00:00,0
2017-01-08 00:10,0
2017-01-08 00:20,0
2017-01-08 00:30,0
2017-01-08 00:40,0
2017-01-08 00:50,0
2017-01-08 01:00,0
2017-01-08 01:10,0
2017-01-08 01:20,0
2017-01-08 01:30,0
2017-01-08 01:40,0
2017-01-08 01:50,0
2017-01-08 02:00,0
2017-01-08 02:10,0
2017-01-08 02:20,0
2017-01-08 02:30,0
2017-01-08 02:40,0
2017-01-08 02:50,0
2017-01-08 03:00,0
2017-01-08 03:10,0
2017-01-08 03:20,0
2017-01-08 03:30,0
2017-01-08 03:40,0
2017-01-08 03:50,0
2017-01-08 04:00,0
2017-01-08 04:10,0
2017-01-08 04:20,0
2017-01-08 04:30,0
2017-01-08 04:40,0
2017-01-08 04:50,0
2017-01-08 05:00,0
2017-01-08 05:10,0
2017-01-08 05:20,0
2017-01-08 05:30,0
2017-01-08 05:40,0
2017-01-08 05:50,0
2017-01-08 06:00,0
2017-01-08 06:10,0
2017-01-08 06:20,0
2017-01-08 06:30,1.8
2017-01-08 06:40,42
2017-01-08 06:50,86.6
2017-01-08 07:00,129.6
2017-01-08 07:10,179.6
2017-01-08 07:20,232.3
2017-01-08 07:30,284.5
2017-01-08 07:40,338.6
2017-01-08 07:50,394.8
2017-01-08 08:00,450.5
2017-01-08 08:10,511
2017-01-08 08:20,564.8
2017-01-08 08:30,627.3
2017-01-08 08:40,674.3
2017-01-08 08:50,742.3
2017-01-08 09:00,772.9
2017-01-08 09:10,822.6
2017-01-08 09:20,899.3
2017-01-08 09:30,901.6
2017-01-08 09:40,802.4
2017-01-08 09:50,568.3
2017-01-08 10:00,554.7
2017-01-08 10:10,419.9
2017-01-08 10:20,430.9
2017-01-08 10:30,420.3
2017-01-08 10:40,429.6
2017-01-08 10:50,482
2017-01-08 11:00,531.2
2017-01-08 11:10,578.4
2017-01-08 11:20,753.1
2017-01-08 11:30,610.3
2017-01-08 11:40,566.4
2017-01-08 11:50,546.8
2017-01-08 12:00,628.6
2017-01-08 12:10,552.8
2017-01-08 12:20,592.8
2017-01-08 12:30,611.4
2017-01-08 12:40,657
2017-01-08 12:50,637.6
2017-01-08 13:00,601.2
2017-01-08 13:10,523
2017-01-08 13:20,476.1
2017-01-08 13:30,554.6
2017-01-08 13:40,573.2
2017-01-08 13:50,501.6
2017-01-08 14:00,562.2
2017-01-08 14:10,425.4
2017-01-08 14:20,389.9
2017-01-08 14:30,380.6
2017-01-08 14:40,389.6
2017-01-08 14:50,376.6
2017-01-08 15:00,364.1
2017-01-08 15:10,343.9
2017-01-08 15:20,326.3
2017-01-08 15:30,355.7
2017-01-08 15:40,344.3
2017-01-08 15:50,220.3
2017-01-08 16:00,194.8
2017-01-08 16:10,190.1
2017-01-08 16:20,191
2017-01-08 16:30,300.4
2017-01-08 16:40,379.4
2017-01-08 16:50,256.5
2017-01-08 17:00,162
2017-01-08 17:10,123.5
2017-01-08 17:20,99.6
2017-01-08 17:30,57.2
2017-01-08 17:40,9.8
2017-01-08 17:50,0
2017-01-08 18:00,0
2017-01-08 18:10,0
2017-01-08 18:20,0
2017-01-08 18:30,0
2017-01-08 18:40,0
2017-01-08 18:50,0
2017-01-08 19:00,0
2017-01-08 19:10,0
2017-01-08 19:20,0
2017-01-08 19:30,0
2017-01-08 19:40,0
2017-01-08 19:50,0
2017-01-08 20:00,0
2017-01-08 20:10,0
2017-01-08 20:20,0
2017-01-08 20:30,0
2017-01-08 20:40,0
2017-01-08 20:50,0
2017-01-08 21:00,0
2017-01-08 21:10,0
2017-01-08 21:20,0
2017-01-08 21:30,0
2017-01-08 21:40,0
2017-01-08 21:50,0
2017-01-08 22:00,0
2017-01-08 22:10,0
2017-01-08 22:20,0
2017-01-08 22:30,0
2017-01-08 22:40,0
2017-01-08 22:50,0
2017-01-08 23:00,0
2017-01-08 23:10,0
2017-01-08 23:20,0
2017-01-08 23:30,0
2017-01-08 23:40,0
2017-01-08 23:50,0
2017-01-09 00:00,0
2017-01-09 00:10,0
2017-01-09 00:20,0
2017-01-09 00:30,0
2017-01-09 00:40,0
2017-01-09 00:50,0
2017-01-09 01:00,0
2017-01-09 01:10,0
2017-01-09 01:20,0
2017-01-09 01:30,0
2017-01-09 01:40,0
2017-01-09 01:50,0
2017-01-09 02:00,0
2017-01-09 02:10,0
2017-01-09 02:20,0
2017-01-09 02:30,0
2017-01-09 02:40,0
2017-01-09 02:50,0
2017-01-09 03:00,0
2017-01-09 03:10,0
2017-01-09 03:20,0
2017-01-09 03:30,0
2017-01-09 03:40,0
2017-01-09 03:50,0
2017-01-09 04:00,0
2017-01-09 04:10,0
2017-01-09 04:20,0
2017-01-09 04:30,0
2017-01-09 04:40,0
2017-01-09 04:50,0
2017-01-09 05:00,0
2017-01-09 05:10,0
2017-01-09 05:20,0
2017-01-09 05:30,0
2017-01-09 05:40,0
2017-01-09 05:50,0
2017-01-09 06:00,0
2017-01-09 06:10,0
2017-01-09 06:20,0
2017-01-09 06:30,0
2017-01-09 06:40,0
2017-01-09 06:50,23
2017-01-09 07:00,65.1
2017-01-09 07:10,84.8
2017-01-09 07:20,101.2
2017-01-09 07:30,140.8
2017-01-09 07:40,166.1
2017-01-09 07:50,200.9
2017-01-09 08:00,281.3
2017-01-09 08:10,508.3
2017-01-09 08:20,399.7
2017-01-09 08:30,373
2017-01-09 08:40,423.3
2017-01-09 08:50,466.6
2017-01-09 09:00,539.6
2017-01-09 09:10,651
2017-01-09 09:20,813.8
2017-01-09 09:30,796.5
2017-01-09 09:40,647.3
2017-01-09 09:50,594
2017-01-09 10:00,593
2017-01-09 10:10,615.7
2017-01-09 10:20,640.6
2017-01-09 10:30,769.9
2017-01-09 10:40,1215.9
2017-01-09 10:50,803.9
2017-01-09 11:00,1015.5
2017-01-09 11:10,1067.4
2017-01-09 11:20,946.6
2017-01-09 11:30,739.2
2017-01-09 11:40,784.8
2017-01-09 11:50,740
2017-01-09 12:00,648
2017-01-09 12:10,740.1
2017-01-09 12:20,754
2017-01-09 12:30,793.8
2017-01-09 12:40,817
2017-01-09 12:50,622.8
2017-01-09 13:00,569.4
2017-01-09 13:10,601.2
2017-01-09 13:20,725.3
2017-01-09 13:30,642
2017-01-09 13:40,647.5
2017-01-09 13:50,583
2017-01-09 14:00,616.4
2017-01-09 14:10,677.4
2017-01-09 14:20,741.4
2017-01-09 14:30,833.7
2017-01-09 14:40,674.9
2017-01-09 14:50,553.2
2017-01-09 15:00,469.4
2017-01-09 15:10,396.5
2017-01-09 15:20,455.1
2017-01-09 15:30,526.4
2017-01-09 15:40,353.7
2017-01-09 15:50,347.6
2017-01-09 16:00,343.5
2017-01-09 16:10,375.9
2017-01-09 16:20,304.9
2017-01-09 16:30,309.6
2017-01-09 16:40,228.3
2017-01-09 16:50,161.4
2017-01-09 17:00,140.1
2017-01-09 17:10,134.5
2017-01-09 17:20,113.4
2017-01-09 17:30,65.7
2017-01-09 17:40,17.5
2017-01-09 17:50,0
2017-01-09 18:00,0
2017-01-09 18:10,0
2017-01-09 18:20,0
2017-01-09 18:30,0
2017-01-09 18:40,0
2017-01-09 18:50,0
2017-01-09 19:00,0
2017-01-09 19:10,0
2017-01-09 19:20,0
2017-01-09 19:30,0
2017-01-09 19:40,0
2017-01-09 19:50,0
2017-01-09 20:00,0
2017-01-09 20:10,0
2017-01-09 20:20,0
2017-01-09 20:30,0
2017-01-09 20:40,0
2017-01-09 20:50,0
2017-01-09 21:00,0
2017-01-09 21:10,0
2017-01-09 21:20,0
2017-01-09 21:30,0
2017-01-09 21:40,0
2017-01-09 21:50,0
2017-01-09 22:00,0
2017-01-09 22:10,0
2017-01-09 22:20,0
2017-01-09 22:30,0
2017-01-09 22:40,0
2017-01-09 22:50,0
2017-01-09 23:00,0
2017-01-09 23:10,0
2017-01-09 23:20,0
2017-01-09 23:30,0
2017-01-09 23:40,0
2017-01-09 23:50,0
2017-01-10 00:00,0
2017-01-10 00:10,0
2017-01-10 00:20,0
2017-01-10 00:30,0
2017-01-10 00:40,0
2017-01-10 00:50,0
2017-01-10 01:00,0
2017-01-10 01:10,0
2017-01-10 01:20,0
2017-01-10 01:30,0
2017-01-10 01:40,0
2017-01-10 01:50,0
2017-01-10 02:00,0
2017-01-10 02:10,0
2017-01-10 02:20,0
2017-01-10 02:30,0
2017-01-10 02:40,0
2017-01-10 02:50,0
2017-01-10 03:00,0
2017-01-10 03:10,0
2017-01-10 03:20,0
2017-01-10 03:30,0
2017-01-10 03:40,0
2017-01-10 03:50,0
2017-01-10 04:00,0
2017-01-10 04:10,0
2017-01-10 04:20,0
2017-01-10 04:30,0
2017-01-10 04:40,0
2017-01-10 04:50,0
2017-01-10 05:00,0
2017-01-10 05:10,0
2017-01-10 05:20,0
2017-01-10 05:30,0
2017-01-10 05:40,0
2017-01-10 05:50,0
2017-01-10 06:00,0
2017-01-10 06:10,0
2017-01-10 06:20,0
2017-01-10 06:30,0
2017-01-10 06:40,7.8
2017-01-10 06:50,61.7
2017-01-10 07:00,87.5
2017-01-10 07:10,105.9
2017-01-10 07:20,264.6
2017-01-10 07:30,218.8
2017-01-10 07:40,213.2
2017-01-10 07:50,359.5
2017-01-10 08:00,422
2017-01-10 08:10,524.5
2017-01-10 08:20,572.1
2017-01-10 08:30,620.2
2017-01-10 08:40,677.2
2017-01-10 08:50,732.7
2017-01-10 09:00,772.6
2017-01-10 09:10,857.7
2017-01-10 09:20,706
2017-01-10 09:30,675.7
2017-01-10 09:40,760.6
2017-01-10 09:50,717.6
2017-01-10 10:00,863.9
2017-01-10 10:10,1001.7
2017-01-10 10:20,929.6
2017-01-10 10:30,1048.3
2017-01-10 10:40,1002.6
2017-01-10 10:50,926.5
2017-01-10 11:00,1052
2017-01-10 11:10,865.2
2017-01-10 11:20,889.8
2017-01-10 11:30,884.3
2017-01-10 11:40,863.2
2017-01-10 11:50,838.8
2017-01-10 12:00,844.4
2017-01-10 12:10,832.8
2017-01-10 12:20,760.3
2017-01-10 12:30,752.1
2017-01-10 12:40,956.4
2017-01-10 12:50,922
2017-01-10 13:00,891.7
2017-01-10 13:10,979.9
2017-01-10 13:20,1144.1
2017-01-10 13:30,1025.5
2017-01-10 13:40,1045
2017-01-10 13:50,1048.4
2017-01-10 14:00,1030.5
2017-01-10 14:10,1004.5
2017-01-10 14:20,978.9
2017-01-10 14:30,960.3
2017-01-10 14:40,917.5
2017-01-10 14:50,862.2
2017-01-10 15:00,762.6
2017-01-10 15:10,689.8
2017-01-10 15:20,652.6
2017-01-10 15:30,590
2017-01-10 15:40,608.2
2017-01-10 15:50,646.7
2017-01-10 16:00,624.9
2017-01-10 16:10,534.7
2017-01-10 16:20,532
2017-01-10 16:30,471.4
2017-01-10 16:40,399.9
2017-01-10 16:50,329.3
2017-01-10 17:00,354.8
2017-01-10 17:10,219.4
2017-01-10 17:20,49.7
2017-01-10 17:30,34.5
2017-01-10 17:40,47.1
2017-01-10 17:50,13.7
2017-01-10 18:00,0
2017-01-10 18:10,0
2017-01-10 18:20,0
2017-01-10 18:30,0
2017-01-10 18:40,0
2017-01-10 18:50,0
2017-01-10 19:00,0
2017-01-10 19:10,0
2017-01-10 19:20,0
2017-01-10 19:30,0
2017-01-10 19:40,0
2017-01-10 19:50,0
2017-01-10 20:00,0
2017-01-10 20:10,0
2017-01-10 20:20,0
2017-01-10 20:30,0
2017-01-10 20:40,0
2017-01-10 20:50,0
2017-01-10 21:00,0
2017-01-10 21:10,0
2017-01-10 21:20,0
2017-01-10 21:30,0
2017-01-10 21:40,0
2017-01-10 21:50,0
2017-01-10 22:00,0
2017-01-10 22:10,0
2017-01-10 22:20,0
2017-01-10 22:30,0
2017-01-10 22:40,0
2017-01-10 22:50,0
2017-01-10 23:00,0
2017-01-10 23:10,0
2017-01-10 23:20,0
2017-01-10 23:30,0
2017-01-10 23:40,0
2017-01-10 23:50,0
2017-01-11 00:00,0
2017-01-11 00:10,0
2017-01-11 00:20,0
2017-01-11 00:30,0
2017-01-11 00:40,0
2017-01-11 00:50,0
2017-01-11 01:00,0
2017-01-11 01:10,0
2017-01-11 01:20,0
2017-01-11 01:30,0
2017-01-11 01:40,0
2017-01-11 01:50,0
2017-01-11 02:00,0
2017-01-11 02:10,0
2017-01-11 02:20,0
2017-01-11 02:30,0
2017-01-11 02:40,0
2017-01-11 02:50,0
2017-01-11 03:00,0
2017-01-11 03:10,0
2017-01-11 03:20,0
2017-01-11 03:30,0
2017-01-11 03:40,0
2017-01-11 03:50,0
2017-01-11 04:00,0
2017-01-11 04:10,0
2017-01-11 04:20,0
2017-01-11 04:30,0
2017-01-11 04:40,0
2017-01-11 04:50,0
2017-01-11 05:00,0
2017-01-11 05:10,0
2017-01-11 05:20,0
2017-01-11 05:30,0
2017-01-11 05:40,0
2017-01-11 05:50,0
2017-01-11 06:00,0
2017-01-11 06:10,0
2017-01-11 06:20,0
2017-01-11 06:30,12.7
2017-01-11 06:40,89.7
2017-01-11 06:50,119.9
2017-01-11 07:00,66.3
2017-01-11 07:10,64.2
2017-01-11 07:20,99.6
2017-01-11 07:30,137.2
2017-01-11 07:40,185.7
2017-01-11 07:50,259.7
2017-01-11 08:00,285.6
2017-01-11 08:10,400.4
2017-01-11 08:20,563.8
2017-01-11 08:30,632.1
2017-01-11 08:40,677.9
2017-01-11 08:50,705.1
2017-01-11 09:00,400.2
2017-01-11 09:10,474.8
2017-01-11 09:20,306.1
2017-01-11 09:30,228.7
2017-01-11 09:40,184.5
2017-01-11 09:50,201.8
2017-01-11 10:00,387
2017-01-11 10:10,335.3
2017-01-11 10:20,501.9
2017-01-11 10:30,1082
2017-01-11 10:40,1195.2
2017-01-11 10:50,1130.8
2017-01-11 11:00,1160.5
2017-01-11 11:10,1154.6
2017-01-11 11:20,1145.7
2017-01-11 11:30,1171.6
2017-01-11 11:40,1116.5
2017-01-11 11:50,1138.2
2017-01-11 12:00,1108.4
2017-01-11 12:10,1165.3
2017-01-11 12:20,1174.9
2017-01-11 12:30,1147.7
2017-01-11 12:40,1104.8
2017-01-11 12:50,1158.1
2017-01-11 13:00,1149.4
2017-01-11 13:10,1142.4
2017-01-11 13:20,1118.5
2017-01-11 13:30,1092.2
2017-01-11 13:40,1107.8
2017-01-11 13:50,1066.3
2017-01-11 14:00,1085.2
2017-01-11 14:10,994.9
2017-01-11 14:20,1015.8
2017-01-11 14:30,982.7
2017-01-11 14:40,949.7
2017-01-11 14:50,963.8
2017-01-11 15:00,781.7
2017-01-11 15:10,880.1
2017-01-11 15:20,901.9
2017-01-11 15:30,888.1
2017-01-11 15:40,817.9
2017-01-11 15:50,664
2017-01-11 16:00,363.9
2017-01-11 16:10,332.9
2017-01-11 16:20,315.4
2017-01-11 16:30,287.1
2017-01-11 16:40,218
2017-01-11 16:50,184.8
2017-01-11 17:00,173.2
2017-01-11 17:10,226.3
2017-01-11 17:20,222.1
2017-01-11 17:30,89.2
2017-01-11 17:40,54.1
2017-01-11 17:50,21.6
2017-01-11 18:00,0
2017-01-11 18:10,0
2017-01-11 18:20,0
2017-01-11 18:30,0
2017-01-11 18:40,0
2017-01-11 18:50,0
2017-01-11 19:00,0
2017-01-11 19:10,0
2017-01-11 19:20,0
2017-01-11 19:30,0
2017-01-11 19:40,0
2017-01-11 19:50,0
2017-01-11 20:00,0
2017-01-11 20:10,0
2017-01-11 20:20,0
2017-01-11 20:30,0
2017-01-11 20:40,0
2017-01-11 20:50,0
2017-01-11 21:00,0
2017-01-11 21:10,0
2017-01-11 21:20,0
2017-01-11 21:30,0
2017-01-11 21:40,0
2017-01-11 21:50,0
2017-01-11 22:00,0
2017-01-11 22:10,0
2017-01-11 22:20,0
2017-01-11 22:30,0
2017-01-11 22:40,0
2017-01-11 22:50,0
2017-01-11 23:00,0
2017-01-11 23:10,0
2017-01-11 23:20,0
2017-01-11 23:30,0
2017-01-11 23:40,0
2017-01-11 23:50,0
2017-01-12 00:00,0
2017-01-12 00:10,0
2017-01-12 00:20,0
2017-01-12 00:30,0
2017-01-12 00:40,0
2017-01-12 00:50,0
2017-01-12 01:00,0
2017-01-12 01:10,0
2017-01-12 01:20,0
2017-01-12 01:30,0
2017-01-12 01:40,0
2017-01-12 01:50,0
2017-01-12 02:00,0
2017-01-12 02:10,0
2017-01-12 02:20,0
2017-01-12 02:30,0
2017-01-12 02:40,0
2017-01-12 02:50,0
2017-01-12 03:00,0
2017-01-12 03:10,0
2017-01-12 03:20,0
2017-01-12 03:30,0
2017-01-12 03:40,0
2017-01-12 03:50,0
2017-01-12 04:00,0
2017-01-12 04:10,0
2017-01-12 04:20,0
2017-01-12 04:30,0
2017-01-12 04:40,0
2017-01-12 04:50,0
2017-01-12 05:00,0
2017-01-12 05:10,0
2017-01-12 05:20,0
2017-01-12 05:30,0
2017-01-12 05:40,0
2017-01-12 05:50,0
2017-01-12 06:00,0
2017-01-12 06:10,0
2017-01-12 06:20,0
2017-01-12 06:30,0
2017-01-12 06:40,0
2017-01-12 06:50,0
2017-01-12 07:00,24.1
2017-01-12 07:10,77
2017-01-12 07:20,95.6
2017-01-12 07:30,112.3
2017-01-12 07:40,148.6
2017-01-12 07:50,201.1
2017-01-12 08:00,234.2
2017-01-12 08:10,235.7
2017-01-12 08:20,278.4
2017-01-12 08:30,307.7
2017-01-12 08:40,358
2017-01-12 08:50,428.5
2017-01-12 09:00,409.1
2017-01-12 09:10,388.1
2017-01-12 09:20,419.8
2017-01-12 09:30,577.6
2017-01-12 09:40,625.2
2017-01-12 09:50,703.5
2017-01-12 10:00,768.6
2017-01-12 10:10,900.1
2017-01-12 10:20,753.8
2017-01-12 10:30,699.2
2017-01-12 10:40,705.9
2017-01-12 10:50,988
2017-01-12 11:00,881.9
2017-01-12 11:10,727.4
2017-01-12 11:20,710.9
2017-01-12 11:30,806.5
2017-01-12 11:40,870.1
2017-01-12 11:50,848.3
2017-01-12 12:00,903.2
2017-01-12 12:10,899.9
2017-01-12 12:20,937
2017-01-12 12:30,963.2
2017-01-12 12:40,933.5
2017-01-12 12:50,1105.3
2017-01-12 13:00,1086.3
2017-01-12 13:10,1020.1
2017-01-12 13:20,1181.3
2017-01-12 13:30,1147.6
2017-01-12 13:40,951.3
2017-01-12 13:50,975.8
2017-01-12 14:00,1076.8
2017-01-12 14:10,984.2
2017-01-12 14:20,1107.5
2017-01-12 14:30,977
2017-01-12 14:40,657.5
2017-01-12 14:50,897.5
2017-01-12 15:00,785.6
2017-01-12 15:10,531
2017-01-12 15:20,642.6
2017-01-12 15:30,573.6
2017-01-12 15:40,436.5
2017-01-12 15:50,247.6
2017-01-12 16:00,229.1
2017-01-12 16:10,293.8
2017-01-12 16:20,265.1
2017-01-12 16:30,201
2017-01-12 16:40,149.3
2017-01-12 16:50,142.3
2017-01-12 17:00,148.3
2017-01-12 17:10,160.8
2017-01-12 17:20,198.8
2017-01-12 17:30,136.1
2017-01-12 17:40,75.6
2017-01-12 17:50,37.5
2017-01-12 18:00,0
2017-01-12 18:10,0
2017-01-12 18:20,0
2017-01-12 18:30,0
2017-01-12 18:40,0
2017-01-12 18:50,0
2017-01-12 19:00,0
2017-01-12 19:10,0
2017-01-12 19:20,0
2017-01-12 19:30,0
2017-01-12 19:40,0
2017-01-12 19:50,0
2017-01-12 20:00,0
2017-01-12 20:10,0
2017-01-12 20:20,0
2017-01-12 20:30,0
2017-01-12 20:40,0
2017-01-12 20:50,0
2017-01-12 21:00,0
2017-01-12 21:10,0
2017-01-12 21:20,0
2017-01-12 21:30,0
2017-01-12 21:40,0
2017-01-12 21:50,0
2017-01-12 22:00,0
2017-01-12 22:10,0
2017-01-12 22:20,0
2017-01-12 22:30,0
2017-01-12 22:40,0
2017-01-12 22:50,0
2017-01-12 23:00,0
2017-01-12 23:10,0
2017-01-12 23:20,0
2017-01-12 23:30,0
2017-01-12 23:40,0
2017-01-12 23:50,0
2017-01-13 00:00,0
2017-01-13 00:10,0
2017-01-13 00:20,0
2017-01-13 00:30,0
2017-01-13 00:40,0
2017-01-13 00:50,0
2017-01-13 01:00,0
2017-01-13 01:10,0
2017-01-13 01:20,0
2017-01-13 01:30,0
2017-01-13 01:40,0
2017-01-13 01:50,0
2017-01-13 02:00,0
2017-01-13 02:10,0
2017-01-13 02:20,0
2017-01-13 02:30,0
2017-01-13 02:40,0
2017-01-13 02:50,0
2017-01-13 03:00,0
2017-01-13 03:10,0
2017-01-13 03:20,0
2017-01-13 03:30,0
2017-01-13 03:40,0
2017-01-13 03:50,0
2017-01-13 04:00,0
2017-01-13 04:10,0
2017-01-13 04:20,0
2017-01-13 04:30,0
2017-01-13 04:40,0
2017-01-13 04:50,0
2017-01-13 05:00,0
2017-01-13 05:10,0
2017-01-13 05:20,0
2017-01-13 05:30,0
2017-01-13 05:40,0
2017-01-13 05:50,0
2017-01-13 06:00,0
2017-01-13 06:10,0
2017-01-13 06:20,0
2017-01-13 06:30,0
2017-01-13 06:40,29
2017-01-13 06:50,96.7
2017-01-13 07:00,222.9
2017-01-13 07:10,205.9
2017-01-13 07:20,246.7
2017-01-13 07:30,413.6
2017-01-13 07:40,359.4
2017-01-13 07:50,394.2
2017-01-13 08:00,452.8
2017-01-13 08:10,527.6
2017-01-13 08:20,630.7
2017-01-13 08:30,672.1
2017-01-13 08:40,695
2017-01-13 08:50,778.5
2017-01-13 09:00,819.3
2017-01-13 09:10,857.2
2017-01-13 09:20,907.9
2017-01-13 09:30,1014.6
2017-01-13 09:40,979.1
2017-01-13 09:50,938.4
2017-01-13 10:00,1157.8
2017-01-13 10:10,1073.9
2017-01-13 10:20,1117.6
2017-01-13 10:30,1049.6
2017-01-13 10:40,1138.4
2017-01-13 10:50,1117.3
2017-01-13 11:00,1123.9
2017-01-13 11:10,1130.9
2017-01-13 11:20,1134.5
2017-01-13 11:30,1140.7
2017-01-13 11:40,1113.1
2017-01-13 11:50,1156.7
2017-01-13 12:00,1164.5
2017-01-13 12:10,1173.4
2017-01-13 12:20,1159.2
2017-01-13 12:30,1135.1
2017-01-13 12:40,1124.5
2017-01-13 12:50,1157.7
2017-01-13 13:00,1121.3
2017-01-13 13:10,1118.1
2017-01-13 13:20,1073.7
2017-01-13 13:30,1081.5
2017-01-13 13:40,1076.5
2017-01-13 13:50,1027
2017-01-13 14:00,1048.9
2017-01-13 14:10,946.6
2017-01-13 14:20,1017.6
2017-01-13 14:30,959.9
2017-01-13 14:40,884.5
2017-01-13 14:50,902.2
2017-01-13 15:00,835
2017-01-13 15:10,752.2
2017-01-13 15:20,799.6
2017-01-13 15:30,772.8
2017-01-13 15:40,444.5
2017-01-13 15:50,482.1
2017-01-13 16:00,486.6
2017-01-13 16:10,488.6
2017-01-13 16:20,618.1
2017-01-13 16:30,526.7
2017-01-13 16:40,336.7
2017-01-13 16:50,424.3
2017-01-13 17:00,366.4
2017-01-13 17:10,321.1
2017-01-13 17:20,317.6
2017-01-13 17:30,191.3
2017-01-13 17:40,82.9
2017-01-13 17:50,9.2
2017-01-13 18:00,0
2017-01-13 18:10,0
2017-01-13 18:20,0
2017-01-13 18:30,0
2017-01-13 18:40,0
2017-01-13 18:50,0
2017-01-13 19:00,0
2017-01-13 19:10,0
2017-01-13 19:20,0
2017-01-13 19:30,0
2017-01-13 19:40,0
2017-01-13 19:50,0
2017-01-13 20:00,0
2017-01-13 20:10,0
2017-01-13 20:20,0
2017-01-13 20:30,0
2017-01-13 20:40,0
2017-01-13 20:50,0
2017-01-13 21:00,0
2017-01-13 21:10,0
2017-01-13 21:20,0
2017-01-13 21:30,0
2017-01-13 21:40,0
2017-01-13 21:50,0
2017-01-13 22:00,0
2017-01-13 22:10,0
2017-01-13 22:20,0
2017-01-13 22:30,0
2017-01-13 22:40,0
2017-01-13 22:50,0
2017-01-13 23:00,0
2017-01-13 23:10,0
2017-01-13 23:20,0
2017-01-13 23:30,0
2017-01-13 23:40,0
2017-01-13 23:50,0
2017-01-14 00:00,0
2017-01-14 00:10,0
2017-01-14 00:20,0
2017-01-14 00:30,0
2017-01-14 00:40,0
2017-01-14 00:50,0
2017-01-14 01:00,0
2017-01-14 01:10,0
2017-01-14 01:20,0
2017-01-14 01:30,0
2017-01-14 01:40,0
2017-01-14 01:50,0
2017-01-14 02:00,0
2017-01-14 02:10,0
2017-01-14 02:20,0
2017-01-14 02:30,0
2017-01-14 02:40,0
2017-01-14 02:50,0
2017-01-14 03:00,0
2017-01-14 03:10,0
2017-01-14 03:20,0
2017-01-14 03:30,0
2017-01-14 03:40,0
2017-01-14 03:50,0
2017-01-14 04:00,0
2017-01-14 04:10,0
2017-01-14 04:20,0
2017-01-14 04:30,0
2017-01-14 04:40,0
2017-01-14 04:50,0
2017-01-14 05:00,0
2017-01-14 05:10,0
2017-01-14 05:20,0
2017-01-14 05:30,0
2017-01-14 05:40,0
2017-01-14 05:50,0
2017-01-14 06:00,0
2017-01-14 06:10,0
2017-01-14 06:20,0
2017-01-14 06:30,1.4
2017-01-14 06:40,51.9
2017-01-14 06:50,76
2017-01-14 07:00,162.1
2017-01-14 07:10,226.7
2017-01-14 07:20,232.1
2017-01-14 07:30,276.7
2017-01-14 07:40,226.9
2017-01-14 07:50,521.9
2017-01-14 08:00,639.4
2017-01-14 08:10,633.6
2017-01-14 08:20,588.6
2017-01-14 08:30,510.1
2017-01-14 08:40,644.8
2017-01-14 08:50,750.9
2017-01-14 09:00,818.2
2017-01-14 09:10,837.6
2017-01-14 09:20,854.2
2017-01-14 09:30,879.4
2017-01-14 09:40,917.5
2017-01-14 09:50,940.4
2017-01-14 10:00,919.6
2017-01-14 10:10,960.3
2017-01-14 10:20,1041.7
2017-01-14 10:30,1115.4
2017-01-14 10:40,1104.8
2017-01-14 10:50,1096.8
2017-01-14 11:00,1104.2
2017-01-14 11:10,1128.3
2017-01-14 11:20,1154.2
2017-01-14 11:30,1146.1
2017-01-14 11:40,1151.2
2017-01-14 11:50,1135.6
2017-01-14 12:00,1175
2017-01-14 12:10,1171.8
2017-01-14 12:20,1165.7
2017-01-14 12:30,1151.6
2017-01-14 12:40,1161.8
2017-01-14 12:50,1165
2017-01-14 13:00,1136.8
2017-01-14 13:10,1145.8
2017-01-14 13:20,1143.4
2017-01-14 13:30,1092.9
2017-01-14 13:40,1088.8
2017-01-14 13:50,1085.8
2017-01-14 14:00,1071.8
2017-01-14 14:10,1035.7
2017-01-14 14:20,1055.1
2017-01-14 14:30,1024.2
2017-01-14 14:40,991.1
2017-01-14 14:50,999.4
2017-01-14 15:00,934.3
2017-01-14 15:10,774.2
2017-01-14 15:20,772.1
2017-01-14 15:30,788.2
2017-01-14 15:40,798.1
2017-01-14 15:50,422.3
2017-01-14 16:00,369.8
2017-01-14 16:10,401.1
2017-01-14 16:20,424.7
2017-01-14 16:30,322.9
2017-01-14 16:40,404.5
2017-01-14 16:50,350.7
2017-01-14 17:00,193.7
2017-01-14 17:10,103.2
2017-01-14 17:20,68
2017-01-14 17:30,49.3
2017-01-14 17:40,3.2
2017-01-14 17:50,0
2017-01-14 18:00,0
2017-01-14 18:10,0
2017-01-14 18:20,0
2017-01-14 18:30,0
2017-01-14 18:40,0
2017-01-14 18:50,0
2017-01-14 19:00,0
2017-01-14 19:10,0
2017-01-14 19:20,0
2017-01-14 19:30,0
2017-01-14 19:40,0
2017-01-14 19:50,0
2017-01-14 20:00,0
2017-01-14 20:10,0
2017-01-14 20:20,0
2017-01-14 20:30,0
2017-01-14 20:40,0
2017-01-14 20:50,0
2017-01-14 21:00,0
2017-01-14 21:10,0
2017-01-14 21:20,0
2017-01-14 21:30,0
2017-01-14 21:40,0
2017-01-14 21:50,0
2017-01-14 22:00,0
2017-01-14 22:10,0
2017-01-14 22:20,0
2017-01-14 22:30,0
2017-01-14 22:40,0
2017-01-14 22:50,0
2017-01-14 23:00,0
2017-01-14 23:10,0
2017-01-14 23:20,0
2017-01-14 23:30,0
2017-01-14 23:40,0
2017-01-14 23:50,0
2017-01-15 00:00,0
2017-01-15 00:10,0
2017-01-15 00:20,0
2017-01-15 00:30,0
2017-01-15 00:40,0
2017-01-15 00:50,0
2017-01-15 01:00,0
2017-01-15 01:10,0
2017-01-15 01:20,0
2017-01-15 01:30,0
2017-01-15 01:40,0
2017-01-15 01:50,0
2017-01-15 02:00,0
2017-01-15 02:10,0
2017-01-15 02:20,0
2017-01-15 02:30,0
2017-01-15 02:40,0
2017-01-15 02:50,0
2017-01-15 03:00,0
2017-01-15 03:10,0
2017-01-15 03:20,0
2017-01-15 03:30,0
2017-01-15 03:40,0
2017-01-15 03:50,0
2017-01-15 04:00,0
2017-01-15 04:10,0
2017-01-15 04:20,0
2017-01-15 04:30,0
2017-01-15 04:40,0
2017-01-15 04:50,0
2017-01-15 05:00,0
2017-01-15 05:10,0
2017-01-15 05:20,0
2017-01-15 05:30,0
2017-01-15 05:40,0
2017-01-15 05:50,0
2017-01-15 06:00,0
2017-01-15 06:10,0
2017-01-15 06:20,0
2017-01-15 06:30,7.3
2017-01-15 06:40,54.2
2017-01-15 06:50,76.1
2017-01-15 07:00,114.7
2017-01-15 07:10,160.8
2017-01-15 07:20,213.7
2017-01-15 07:30,271.2
2017-01-15 07:40,329.4
2017-01-15 07:50,386.4
2017-01-15 08:00,444.3
2017-01-15 08:10,486.8
2017-01-15 08:20,551
2017-01-15 08:30,600.9
2017-01-15 08:40,661.8
2017-01-15 08:50,713.6
2017-01-15 09:00,775.3
2017-01-15 09:10,536.6
2017-01-15 09:20,553.3
2017-01-15 09:30,488.6
2017-01-15 09:40,504.7
2017-01-15 09:50,552.8
2017-01-15 10:00,742.9
2017-01-15 10:10,791.3
2017-01-15 10:20,973.9
2017-01-15 10:30,1079.8
2017-01-15 10:40,1045.6
2017-01-15 10:50,630.3
2017-01-15 11:00,616.4
2017-01-15 11:10,329.1
2017-01-15 11:20,322.6
2017-01-15 11:30,343.6
2017-01-15 11:40,371.6
2017-01-15 11:50,997
2017-01-15 12:00,1212.6
2017-01-15 12:10,1195.4
2017-01-15 12:20,1108
2017-01-15 12:30,1197.6
2017-01-15 12:40,1162
2017-01-15 12:50,1164.6
2017-01-15 13:00,1031.8
2017-01-15 13:10,1170.7
2017-01-15 13:20,1159.7
2017-01-15 13:30,574.5
2017-01-15 13:40,1141.5
2017-01-15 13:50,1058.7
2017-01-15 14:00,198.1
2017-01-15 14:10,225.2
2017-01-15 14:20,420.8
2017-01-15 14:30,654.2
2017-01-15 14:40,1042.4
2017-01-15 14:50,782.6
2017-01-15 15:00,682.5
2017-01-15 15:10,788.3
2017-01-15 15:20,343.4
2017-01-15 15:30,237.9
2017-01-15 15:40,259.9
2017-01-15 15:50,213.8
2017-01-15 16:00,219.5
2017-01-15 16:10,322.2
2017-01-15 16:20,125.1
2017-01-15 16:30,147.9
2017-01-15 16:40,86.2
2017-01-15 16:50,11.5
2017-01-15 17:00,27.4
2017-01-15 17:10,22.4
2017-01-15 17:20,0
2017-01-15 17:30,0
2017-01-15 17:40,0
2017-01-15 17:50,0
2017-01-15 18:00,0
2017-01-15 18:10,0
2017-01-15 18:20,0
2017-01-15 18:30,0
2017-01-15 18:40,0
2017-01-15 18:50,0
2017-01-15 19:00,0
2017-01-15 19:10,0
2017-01-15 19:20,0
2017-01-15 19:30,0
2017-01-15 19:40,0
2017-01-15 19:50,0
2017-01-15 20:00,0
2017-01-15 20:10,0
2017-01-15 20:20,0
2017-01-15 20:30,0
2017-01-15 20:40,0
2017-01-15 20:50,0
2017-01-15 21:00,0
2017-01-15 21:10,0
2017-01-15 21:20,0
2017-01-15 21:30,0
2017-01-15 21:40,0
2017-01-15 21:50,0
2017-01-15 22:00,0
2017-01-15 22:10,0
2017-01-15 22:20,0
2017-01-15 22:30,0
2017-01-15 22:40,0
2017-01-15 22:50,0
2017-01-15 23:00,0
2017-01-15 23:10,0
2017-01-15 23:20,0
2017-01-15 23:30,0
2017-01-15 23:40,0
2017-01-15 23:50,0
2017-01-16 00:00,0
2017-01-16 00:10,0
2017-01-16 00:20,0
2017-01-16 00:30,0
2017-01-16 00:40,0
2017-01-16 00:50,0
2017-01-16 01:00,0
2017-01-16 01:10,0
2017-01-16 01:20,0
2017-01-16 01:30,0
2017-01-16 01:40,0
2017-01-16 01:50,0
2017-01-16 02:00,0
2017-01-16 02:10,0
2017-01-16 02:20,0
2017-01-16 02:30,0
2017-01-16 02:40,0
2017-01-16 02:50,0
2017-01-16 03:00,0
2017-01-16 03:10,0
2017-01-16 03:20,0
2017-01-16 03:30,0
2017-01-16 03:40,0
2017-01-16 03:50,0
2017-01-16 04:00,0
2017-01-16 04:10,0
2017-01-16 04:20,0
2017-01-16 04:30,0
2017-01-16 04:40,0
2017-01-16 04:50,0
2017-01-16 05:00,0
2017-01-16 05:10,0
2017-01-16 05:20,0
2017-01-16 05:30,0
2017-01-16 05:40,0
2017-01-16 05:50,0
2017-01-16 06:00,0
2017-01-16 06:10,0
2017-01-16 06:20,0
2017-01-16 06:30,0
2017-01-16 06:40,9.1
2017-01-16 06:50,31.1
2017-01-16 07:00,80.8
2017-01-16 07:10,84.5
2017-01-16 07:20,112.7
2017-01-16 07:30,144.8
2017-01-16 07:40,167.1
2017-01-16 07:50,203.6
2017-01-16 08:00,232.5
2017-01-16 08:10,252.1
2017-01-16 08:20,283
2017-01-16 08:30,294.4
2017-01-16 08:40,287
2017-01-16 08:50,266.5
2017-01-16 09:00,267.2
2017-01-16 09:10,309
2017-01-16 09:20,414.7
2017-01-16 09:30,667.1
2017-01-16 09:40,720.4
2017-01-16 09:50,589.9
2017-01-16 10:00,406.8
2017-01-16 10:10,407.6
2017-01-16 10:20,387.4
2017-01-16 10:30,490.3
2017-01-16 10:40,662.9
2017-01-16 10:50,1117.1
2017-01-16 11:00,957.3
2017-01-16 11:10,847.5
2017-01-16 11:20,728.5
2017-01-16 11:30,800.8
2017-01-16 11:40,886.5
2017-01-16 11:50,833
2017-01-16 12:00,816.7
2017-01-16 12:10,730
2017-01-16 12:20,837
2017-01-16 12:30,893.8
2017-01-16 12:40,851.9
2017-01-16 12:50,758.1
2017-01-16 13:00,788.2
2017-01-16 13:10,976.9
2017-01-16 13:20,998.6
2017-01-16 13:30,751.4
2017-01-16 13:40,845.9
2017-01-16 13:50,814.8
2017-01-16 14:00,709.9
2017-01-16 14:10,958.7
2017-01-16 14:20,950.9
2017-01-16 14:30,689.9
2017-01-16 14:40,442.8
2017-01-16 14:50,372.6
2017-01-16 15:00,350.8
2017-01-16 15:10,444.4
2017-01-16 15:20,415.6
2017-01-16 15:30,415.8
2017-01-16 15:40,449.2
2017-01-16 15:50,401.5
2017-01-16 16:00,381.2
2017-01-16 16:10,418.3
2017-01-16 16:20,375.3
2017-01-16 16:30,271.2
2017-01-16 16:40,265.7
2017-01-16 16:50,229.3
2017-01-16 17:00,186.8
2017-01-16 17:10,168.3
2017-01-16 17:20,123.4
2017-01-16 17:30,127.7
2017-01-16 17:40,86.2
2017-01-16 17:50,15.3
2017-01-16 18:00,0
2017-01-16 18:10,0
2017-01-16 18:20,0
2017-01-16 18:30,0
2017-01-16 18:40,0
2017-01-16 18:50,0
2017-01-16 19:00,0
2017-01-16 19:10,0
2017-01-16 19:20,0
2017-01-16 19:30,0
2017-01-16 19:40,0
2017-01-16 19:50,0
2017-01-16 20:00,0
2017-01-16 20:10,0
2017-01-16 20:20,0
2017-01-16 20:30,0
2017-01-16 20:40,0
2017-01-16 20:50,0
2017-01-16 21:00,0
2017-01-16 21:10,0
2017-01-16 21:20,0
2017-01-16 21:30,0
2017-01-16 21:40,0
2017-01-16 21:50,0
2017-01-16 22:00,0
2017-01-16 22:10,0
2017-01-16 22:20,0
2017-01-16 22:30,0
2017-01-16 22:40,0
2017-01-16 22:50,0
2017-01-16 23:00,0
2017-01-16 23:10,0
2017-01-16 23:20,0
2017-01-16 23:30,0
2017-01-16 23:40,0
2017-01-16 23:50,0
2017-01-17 00:00,0
2017-01-17 00:10,0
2017-01-17 00:20,0
2017-01-17 00:30,0
2017-01-17 00:40,0
2017-01-17 00:50,0
2017-01-17 01:00,0
2017-01-17 01:10,0
2017-01-17 01:20,0
2017-01-17 01:30,0
2017-01-17 01:40,0
2017-01-17 01:50,0
2017-01-17 02:00,0
2017-01-17 02:10,0
2017-01-17 02:20,0
2017-01-17 02:30,0
2017-01-17 02:40,0
2017-01-17 02:50,0
2017-01-17 03:00,0
2017-01-17 03:10,0
2017-01-17 03:20,0
2017-01-17 03:30,0
2017-01-17 03:40,0
2017-01-17 03:50,0
2017-01-17 04:00,0
2017-01-17 04:10,0
2017-01-17 04:20,0
2017-01-17 04:30,0
2017-01-17 04:40,0
2017-01-17 04:50,0
2017-01-17 05:00,0
2017-01-17 05:10,0
2017-01-17 05:20,0
2017-01-17 05:30,0
2017-01-17 05:40,0
2017-01-17 05:50,0
2017-01-17 06:00,0
2017-01-17 06:10,0
2017-01-17 06:20,0
2017-01-17 06:30,7.1
2017-01-17 06:40,65.7
2017-01-17 06:50,121.8
2017-01-17 07:00,199.5
2017-01-17 07:10,345.7
2017-01-17 07:20,450.2
2017-01-17 07:30,412.5
2017-01-17 07:40,317
2017-01-17 07:50,417.2
2017-01-17 08:00,461.1
2017-01-17 08:10,522.6
2017-01-17 08:20,538.7
2017-01-17 08:30,549.7
2017-01-17 08:40,668.7
2017-01-17 08:50,724.1
2017-01-17 09:00,703.2
2017-01-17 09:10,689.6
2017-01-17 09:20,790.9
2017-01-17 09:30,984
2017-01-17 09:40,877.1
2017-01-17 09:50,601
2017-01-17 10:00,848.4
2017-01-17 10:10,658.5
2017-01-17 10:20,769.7
2017-01-17 10:30,834.3
2017-01-17 10:40,888.1
2017-01-17 10:50,893.1
2017-01-17 11:00,626.4
2017-01-17 11:10,646.8
2017-01-17 11:20,932.6
2017-01-17 11:30,704.9
2017-01-17 11:40,1133.8
2017-01-17 11:50,1277.7
2017-01-17 12:00,793.5
2017-01-17 12:10,1087
2017-01-17 12:20,986.5
2017-01-17 12:30,1238.8
2017-01-17 12:40,1165.9
2017-01-17 12:50,1027.6
2017-01-17 13:00,1180.5
2017-01-17 13:10,1027
2017-01-17 13:20,1034.8
2017-01-17 13:30,1043.7
2017-01-17 13:40,1044.3
2017-01-17 13:50,761.6
2017-01-17 14:00,702.9
2017-01-17 14:10,632.1
2017-01-17 14:20,611.2
2017-01-17 14:30,601.3
2017-01-17 14:40,516.9
2017-01-17 14:50,504.7
2017-01-17 15:00,509.1
2017-01-17 15:10,497.2
2017-01-17 15:20,421.5
2017-01-17 15:30,558.6
2017-01-17 15:40,721.3
2017-01-17 15:50,474.5
2017-01-17 16:00,281.6
2017-01-17 16:10,272.1
2017-01-17 16:20,241.6
2017-01-17 16:30,235.8
2017-01-17 16:40,277
2017-01-17 16:50,245.4
2017-01-17 17:00,160.8
2017-01-17 17:10,104.4
2017-01-17 17:20,109.3
2017-01-17 17:30,100.6
2017-01-17 17:40,80.7
2017-01-17 17:50,47.9
2017-01-17 18:00,0
2017-01-17 18:10,0
2017-01-17 18:20,0
2017-01-17 18:30,0
2017-01-17 18:40,0
2017-01-17 18:50,0
2017-01-17 19:00,0
2017-01-17 19:10,0
2017-01-17 19:20,0
2017-01-17 19:30,0
2017-01-17 19:40,0
2017-01-17 19:50,0
2017-01-17 20:00,0
2017-01-17 20:10,0
2017-01-17 20:20,0
2017-01-17 20:30,0
2017-01-17 20:40,0
2017-01-17 20:50,0
2017-01-17 21:00,0
2017-01-17 21:10,0
2017-01-17 21:20,0
2017-01-17 21:30,0
2017-01-17 21:40,0
2017-01-17 21:50,0
2017-01-17 22:00,0
2017-01-17 22:10,0
2017-01-17 22:20,0
2017-01-17 22:30,0
2017-01-17 22:40,0
2017-01-17 22:50,0
2017-01-17 23:00,0
2017-01-17 23:10,0
2017-01-17 23:20,0
2017-01-17 23:30,0
2017-01-17 23:40,0
2017-01-17 23:50,0
2017-01-18 00:00,0
2017-01-18 00:10,0
2017-01-18 00:20,0
2017-01-18 00:30,0
2017-01-18 00:40,0
2017-01-18 00:50,0
2017-01-18 01:00,0
2017-01-18 01:10,0
2017-01-18 01:20,0
2017-01-18 01:30,0
2017-01-18 01:40,0
2017-01-18 01:50,0
2017-01-18 02:00,0
2017-01-18 02:10,0
2017-01-18 02:20,0
2017-01-18 02:30,0
2017-01-18 02:40,0
2017-01-18 02:50,0
2017-01-18 03:00,0
2017-01-18 03:10,0
2017-01-18 03:20,0
2017-01-18 03:30,0
2017-01-18 03:40,0
2017-01-18 03:50,0
2017-01-18 04:00,0
2017-01-18 04:10,0
2017-01-18 04:20,0
2017-01-18 04:30,0
2017-01-18 04:40,0
2017-01-18 04:50,0
2017-01-18 05:00,0
2017-01-18 05:10,0
2017-01-18 05:20,0
2017-01-18 05:30,0
2017-01-18 05:40,0
2017-01-18 05:50,0
2017-01-18 06:00,0
2017-01-18 06:10,0
2017-01-18 06:20,0
2017-01-18 06:30,0
2017-01-18 06:40,0
2017-01-18 06:50,0
2017-01-18 07:00,35.7
2017-01-18 07:10,78.2
2017-01-18 07:20,66.8
2017-01-18 07:30,69.9
2017-01-18 07:40,128
2017-01-18 07:50,185.4
2017-01-18 08:00,312.8
2017-01-18 08:10,471.6
2017-01-18 08:20,596.7
2017-01-18 08:30,617.3
2017-01-18 08:40,576.4
2017-01-18 08:50,524.3
2017-01-18 09:00,468.9
2017-01-18 09:10,459.9
2017-01-18 09:20,462.3
2017-01-18 09:30,458.3
2017-01-18 09:40,428
2017-01-18 09:50,430.7
2017-01-18 10:00,568
2017-01-18 10:10,598.7
2017-01-18 10:20,568.7
2017-01-18 10:30,514.5
2017-01-18 10:40,514.5
2017-01-18 10:50,728.4
2017-01-18 11:00,737.5
2017-01-18 11:10,869.8
2017-01-18 11:20,1013.9
2017-01-18 11:30,1283
2017-01-18 11:40,893.2
2017-01-18 11:50,900.4
2017-01-18 12:00,1023.7
2017-01-18 12:10,1116.2
2017-01-18 12:20,1084.2
2017-01-18 12:30,1121
2017-01-18 12:40,1199.3
2017-01-18 12:50,1115.2
2017-01-18 13:00,1141.5
2017-01-18 13:10,1151.9
2017-01-18 13:20,1155.9
2017-01-18 13:30,1140.9
2017-01-18 13:40,1187.2
2017-01-18 13:50,1136.9
2017-01-18 14:00,1121.9
2017-01-18 14:10,1088.7
2017-01-18 14:20,1031.6
2017-01-18 14:30,1127
2017-01-18 14:40,1060.1
2017-01-18 14:50,958.3
2017-01-18 15:00,969.2
2017-01-18 15:10,1102.1
2017-01-18 15:20,861.8
2017-01-18 15:30,557.3
2017-01-18 15:40,898.5
2017-01-18 15:50,819.5
2017-01-18 16:00,557.9
2017-01-18 16:10,602.4
2017-01-18 16:20,604.1
2017-01-18 16:30,517.1
2017-01-18 16:40,474.5
2017-01-18 16:50,379.1
2017-01-18 17:00,209
2017-01-18 17:10,198.5
2017-01-18 17:20,123
2017-01-18 17:30,113.6
2017-01-18 17:40,64.9
2017-01-18 17:50,23.8
2017-01-18 18:00,17.5
2017-01-18 18:10,0
2017-01-18 18:20,0
2017-01-18 18:30,0
2017-01-18 18:40,0
2017-01-18 18:50,0
2017-01-18 19:00,0
2017-01-18 19:10,0
2017-01-18 19:20,0
2017-01-18 19:30,0
2017-01-18 19:40,0
2017-01-18 19:50,0
2017-01-18 20:00,0
2017-01-18 20:10,0
2017-01-18 20:20,0
2017-01-18 20:30,0
2017-01-18 20:40,0
2017-01-18 20:50,0
2017-01-18 21:00,0
2017-01-18 21:10,0
2017-01-18 21:20,0
2017-01-18 21:30,0
2017-01-18 21:40,0
2017-01-18 21:50,0
2017-01-18 22:00,0
2017-01-18 22:10,0
2017-01-18 22:20,0
2017-01-18 22:30,0
2017-01-18 22:40,0
2017-01-18 22:50,0
2017-01-18 23:00,0
2017-01-18 23:10,0
2017-01-18 23:20,0
2017-01-18 23:30,0
2017-01-18 23:40,0
2017-01-18 23:50,0
2017-01-19 00:00,0
2017-01-19 00:10,0
2017-01-19 00:20,0
2017-01-19 00:30,0
2017-01-19 00:40,0
2017-01-19 00:50,0
2017-01-19 01:00,0
2017-01-19 01:10,0
2017-01-19 01:20,0
2017-01-19 01:30,0
2017-01-19 01:40,0
2017-01-19 01:50,0
2017-01-19 02:00,0
2017-01-19 02:10,0
2017-01-19 02:20,0
2017-01-19 02:30,0
2017-01-19 02:40,0
2017-01-19 02:50,0
2017-01-19 03:00,0
2017-01-19 03:10,0
2017-01-19 03:20,0
2017-01-19 03:30,0
2017-01-19 03:40,0
2017-01-19 03:50,0
2017-01-19 04:00,0
2017-01-19 04:10,0
2017-01-19 04:20,0
2017-01-19 04:30,0
2017-01-19 04:40,0
2017-01-19 04:50,0
2017-01-19 05:00,0
2017-01-19 05:10,0
2017-01-19 05:20,0
2017-01-19 05:30,0
2017-01-19 05:40,0
2017-01-19 05:50,0
2017-01-19 06:00,0
2017-01-19 06:10,0
2017-01-19 06:20,0
2017-01-19 06:30,0.7
2017-01-19 06:40,62.3
2017-01-19 06:50,104.7
2017-01-19 07:00,127.6
2017-01-19 07:10,121.3
2017-01-19 07:20,133.9
2017-01-19 07:30,200.9
2017-01-19 07:40,237.1
2017-01-19 07:50,218.2
2017-01-19 08:00,254.2
2017-01-19 08:10,300.6
2017-01-19 08:20,355
2017-01-19 08:30,328.4
2017-01-19 08:40,345.7
2017-01-19 08:50,281.1
2017-01-19 09:00,317.3
2017-01-19 09:10,498
2017-01-19 09:20,347.8
2017-01-19 09:30,317.7
2017-01-19 09:40,443
2017-01-19 09:50,481.1
2017-01-19 10:00,674.9
2017-01-19 10:10,808
2017-01-19 10:20,926.3
2017-01-19 10:30,1154.6
2017-01-19 10:40,898.1
2017-01-19 10:50,713.1
2017-01-19 11:00,639.8
2017-01-19 11:10,624.6
2017-01-19 11:20,634.4
2017-01-19 11:30,536.6
2017-01-19 11:40,535.9
2017-01-19 11:50,724.8
2017-01-19 12:00,984.5
2017-01-19 12:10,1421.4
2017-01-19 12:20,1010.1
2017-01-19 12:30,732.2
2017-01-19 12:40,617.9
2017-01-19 12:50,661.4
2017-01-19 13:00,795.8
2017-01-19 13:10,869.2
2017-01-19 13:20,865.5
2017-01-19 13:30,601.6
2017-01-19 13:40,973
2017-01-19 13:50,736.4
2017-01-19 14:00,841.4
2017-01-19 14:10,728.3
2017-01-19 14:20,799.2
2017-01-19 14:30,843.6
2017-01-19 14:40,784.7
2017-01-19 14:50,603.5
2017-01-19 15:00,626.3
2017-01-19 15:10,598.5
2017-01-19 15:20,613.4
2017-01-19 15:30,519.8
2017-01-19 15:40,506.8
2017-01-19 15:50,497.9
2017-01-19 16:00,497.5
2017-01-19 16:10,366.2
2017-01-19 16:20,287.1
2017-01-19 16:30,255.7
2017-01-19 16:40,265.4
2017-01-19 16:50,263.3
2017-01-19 17:00,238.5
2017-01-19 17:10,194.5
2017-01-19 17:20,135.2
2017-01-19 17:30,113.3
2017-01-19 17:40,95.2
2017-01-19 17:50,75.5
2017-01-19 18:00,27.3
2017-01-19 18:10,0
2017-01-19 18:20,0
2017-01-19 18:30,0
2017-01-19 18:40,0
2017-01-19 18:50,0
2017-01-19 19:00,0
2017-01-19 19:10,0
2017-01-19 19:20,0
2017-01-19 19:30,0
2017-01-19 19:40,0
2017-01-19 19:50,0
2017-01-19 20:00,0
2017-01-19 20:10,0
2017-01-19 20:20,0
2017-01-19 20:30,0
2017-01-19 20:40,0
2017-01-19 20:50,0
2017-01-19 21:00,0
2017-01-19 21:10,0
2017-01-19 21:20,0
2017-01-19 21:30,0
2017-01-19 21:40,0
2017-01-19 21:50,0
2017-01-19 22:00,0
2017-01-19 22:10,0
2017-01-19 22:20,0
2017-01-19 22:30,0
2017-01-19 22:40,0
2017-01-19 22:50,0
2017-01-19 23:00,0
2017-01-19 23:10,0
2017-01-19 23:20,0
2017-01-19 23:30,0
2017-01-19 23:40,0
2017-01-19 23:50,0
2017-01-20 00:00,0
2017-01-20 00:10,0
2017-01-20 00:20,0
2017-01-20 00:30,0
2017-01-20 00:40,0
2017-01-20 00:50,0
2017-01-20 01:00,0
2017-01-20 01:10,0
2017-01-20 01:20,0
2017-01-20 01:30,0
2017-01-20 01:40,0
2017-01-20 01:50,0
2017-01-20 02:00,0
2017-01-20 02:10,0
2017-01-20 02:20,0
2017-01-20 02:30,0
2017-01-20 02:40,0
2017-01-20 02:50,0
2017-01-20 03:00,0
2017-01-20 03:10,0
2017-01-20 03:20,0
2017-01-20 03:30,0
2017-01-20 03:40,0
2017-01-20 03:50,0
2017-01-20 04:00,0
2017-01-20 04:10,0
2017-01-20 04:20,0
2017-01-20 04:30,0
2017-01-20 04:40,0
2017-01-20 04:50,0
2017-01-20 05:00,0
2017-01-20 05:10,0
2017-01-20 05:20,0
2017-01-20 05:30,0
2017-01-20 05:40,0
2017-01-20 05:50,0
2017-01-20 06:00,0
2017-01-20 06:10,0
2017-01-20 06:20,0
2017-01-20 06:30,0
2017-01-20 06:40,0
2017-01-20 06:50,9.9
2017-01-20 07:00,27.7
2017-01-20 07:10,77.1
2017-01-20 07:20,166.7
2017-01-20 07:30,168.8
2017-01-20 07:40,154
2017-01-20 07:50,199.2
2017-01-20 08:00,263
2017-01-20 08:10,343.4
2017-01-20 08:20,379.2
2017-01-20 08:30,392.5
2017-01-20 08:40,460.1
2017-01-20 08:50,409.2
2017-01-20 09:00,305.1
2017-01-20 09:10,328.2
2017-01-20 09:20,372.4
2017-01-20 09:30,367.3
2017-01-20 09:40,389.6
2017-01-20 09:50,491.3
2017-01-20 10:00,682.5
2017-01-20 10:10,733.3
2017-01-20 10:20,543.7
2017-01-20 10:30,573.4
2017-01-20 10:40,604.7
2017-01-20 10:50,633.3
2017-01-20 11:00,715.8
2017-01-20 11:10,788.2
2017-01-20 11:20,741.9
2017-01-20 11:30,857
2017-01-20 11:40,865.6
2017-01-20 11:50,1161.6
2017-01-20 12:00,1148.6
2017-01-20 12:10,963.6
2017-01-20 12:20,1197
2017-01-20 12:30,1151
2017-01-20 12:40,829.7
2017-01-20 12:50,857.2
2017-01-20 13:00,834.2
2017-01-20 13:10,948.6
2017-01-20 13:20,983.9
2017-01-20 13:30,1168.6
2017-01-20 13:40,1172.2
2017-01-20 13:50,1101.4
2017-01-20 14:00,1063.8
2017-01-20 14:10,1015.3
2017-01-20 14:20,1009.3
2017-01-20 14:30,970
2017-01-20 14:40,940
2017-01-20 14:50,891.9
2017-01-20 15:00,876.8
2017-01-20 15:10,833.5
2017-01-20 15:20,792
2017-01-20 15:30,737.9
2017-01-20 15:40,715.8
2017-01-20 15:50,665.3
2017-01-20 16:00,615.4
2017-01-20 16:10,588.9
2017-01-20 16:20,527
2017-01-20 16:30,464.3
2017-01-20 16:40,397.9
2017-01-20 16:50,337.9
2017-01-20 17:00,269.6
2017-01-20 17:10,206.5
2017-01-20 17:20,154.5
2017-01-20 17:30,101.5
2017-01-20 17:40,64.1
2017-01-20 17:50,6.5
2017-01-20 18:00,0
2017-01-20 18:10,0
2017-01-20 18:20,0
2017-01-20 18:30,0
2017-01-20 18:40,0
2017-01-20 18:50,0
2017-01-20 19:00,0
2017-01-20 19:10,0
2017-01-20 19:20,0
2017-01-20 19:30,0
2017-01-20 19:40,0
2017-01-20 19:50,0
2017-01-20 20:00,0
2017-01-20 20:10,0
2017-01-20 20:20,0
2017-01-20 20:30,0
2017-01-20 20:40,0
2017-01-20 20:50,0
2017-01-20 21:00,0
2017-01-20 21:10,0
2017-01-20 21:20,0
2017-01-20 21:30,0
2017-01-20 21:40,0
2017-01-20 21:50,0
2017-01-20 22:00,0
2017-01-20 22:10,0
2017-01-20 22:20,0
2017-01-20 22:30,0
2017-01-20 22:40,0
2017-01-20 22:50,0
2017-01-20 23:00,0
2017-01-20 23:10,0
2017-01-20 23:20,0
2017-01-20 23:30,0
2017-01-20 23:40,0
2017-01-20 23:50,0
2017-01-21 00:00,0
2017-01-21 00:10,0
2017-01-21 00:20,0
2017-01-21 00:30,0
2017-01-21 00:40,0
2017-01-21 00:50,0
2017-01-21 01:00,0
2017-01-21 01:10,0
2017-01-21 01:20,0
2017-01-21 01:30,0
2017-01-21 01:40,0
2017-01-21 01:50,0
2017-01-21 02:00,0
2017-01-21 02:10,0
2017-01-21 02:20,0
2017-01-21 02:30,0
2017-01-21 02:40,0
2017-01-21 02:50,0
2017-01-21 03:00,0
2017-01-21 03:10,0
2017-01-21 03:20,0
2017-01-21 03:30,0
2017-01-21 03:40,0
2017-01-21 03:50,0
2017-01-21 04:00,0
2017-01-21 04:10,0
2017-01-21 04:20,0
2017-01-21 04:30,0
2017-01-21 04:40,0
2017-01-21 04:50,0
2017-01-21 05:00,0
2017-01-21 05:10,0
2017-01-21 05:20,0
2017-01-21 05:30,0
2017-01-21 05:40,0
2017-01-21 05:50,0
2017-01-21 06:00,0
2017-01-21 06:10,0
2017-01-21 06:20,0
2017-01-21 06:30,13.3
2017-01-21 06:40,30.4
2017-01-21 06:50,61.8
2017-01-21 07:00,104.8
2017-01-21 07:10,152.8
2017-01-21 07:20,195
2017-01-21 07:30,261.6
2017-01-21 07:40,320.4
2017-01-21 07:50,387.5
2017-01-21 08:00,484.2
2017-01-21 08:10,594.4
2017-01-21 08:20,683.8
2017-01-21 08:30,739.1
2017-01-21 08:40,679.3
2017-01-21 08:50,760.8
2017-01-21 09:00,811.6
2017-01-21 09:10,839.9
2017-01-21 09:20,884.9
2017-01-21 09:30,922.3
2017-01-21 09:40,963.8
2017-01-21 09:50,1001.2
2017-01-21 10:00,1017.5
2017-01-21 10:10,1051.4
2017-01-21 10:20,1032.7
2017-01-21 10:30,1236.2
2017-01-21 10:40,1156.2
2017-01-21 10:50,1197.4
2017-01-21 11:00,1239.3
2017-01-21 11:10,960.2
2017-01-21 11:20,1135.1
2017-01-21 11:30,946.9
2017-01-21 11:40,839.3
2017-01-21 11:50,917.6
2017-01-21 12:00,867.6
2017-01-21 12:10,1133.6
2017-01-21 12:20,955.5
2017-01-21 12:30,926.2
2017-01-21 12:40,804.2
2017-01-21 12:50,734.9
2017-01-21 13:00,876
2017-01-21 13:10,1162.4
2017-01-21 13:20,682.6
2017-01-21 13:30,627.8
2017-01-21 13:40,580.3
2017-01-21 13:50,584.3
2017-01-21 14:00,957.9
2017-01-21 14:10,645.2
2017-01-21 14:20,734.1
2017-01-21 14:30,1002.3
2017-01-21 14:40,962.8
2017-01-21 14:50,865
2017-01-21 15:00,459.3
2017-01-21 15:10,605.3
2017-01-21 15:20,773.1
2017-01-21 15:30,654.4
2017-01-21 15:40,504.5
2017-01-21 15:50,774
2017-01-21 16:00,663.4
2017-01-21 16:10,456.8
2017-01-21 16:20,405.9
2017-01-21 16:30,304.6
2017-01-21 16:40,344.5
2017-01-21 16:50,241.3
2017-01-21 17:00,107
2017-01-21 17:10,170.7
2017-01-21 17:20,169.4
2017-01-21 17:30,115.9
2017-01-21 17:40,72.1
2017-01-21 17:50,47.6
2017-01-21 18:00,29.7
2017-01-21 18:10,11.3
2017-01-21 18:20,0
2017-01-21 18:30,0
2017-01-21 18:40,0
2017-01-21 18:50,0
2017-01-21 19:00,0
2017-01-21 19:10,0
2017-01-21 19:20,0
2017-01-21 19:30,0
2017-01-21 19:40,0
2017-01-21 19:50,0
2017-01-21 20:00,0
2017-01-21 20:10,0
2017-01-21 20:20,0
2017-01-21 20:30,0
2017-01-21 20:40,0
2017-01-21 20:50,0
2017-01-21 21:00,0
2017-01-21 21:10,0
2017-01-21 21:20,0
2017-01-21 21:30,0
2017-01-21 21:40,0
2017-01-21 21:50,0
2017-01-21 22:00,0
2017-01-21 22:10,0
2017-01-21 22:20,0
2017-01-21 22:30,0
2017-01-21 22:40,0
2017-01-21 22:50,0
2017-01-21 23:00,0
2017-01-21 23:10,0
2017-01-21 23:20,0
2017-01-21 23:30,0
2017-01-21 23:40,0
2017-01-21 23:50,0
2017-01-22 00:00,0
2017-01-22 00:10,0
2017-01-22 00:20,0
2017-01-22 00:30,0
2017-01-22 00:40,0
2017-01-22 00:50,0
2017-01-22 01:00,0
2017-01-22 01:10,0
2017-01-22 01:20,0
2017-01-22 01:30,0
2017-01-22 01:40,0
2017-01-22 01:50,0
2017-01-22 02:00,0
2017-01-22 02:10,0
2017-01-22 02:20,0
2017-01-22 02:30,0
2017-01-22 02:40,0
2017-01-22 02:50,0
2017-01-22 03:00,0
2017-01-22 03:10,0
2017-01-22 03:20,0
2017-01-22 03:30,0
2017-01-22 03:40,0
2017-01-22 03:50,0
2017-01-22 04:00,0
2017-01-22 04:10,0
2017-01-22 04:20,0
2017-01-22 04:30,0
2017-01-22 04:40,0
2017-01-22 04:50,0
2017-01-22 05:00,0
2017-01-22 05:10,0
2017-01-22 05:20,0
2017-01-22 05:30,0
2017-01-22 05:40,0
2017-01-22 05:50,0
2017-01-22 06:00,0
2017-01-22 06:10,0
2017-01-22 06:20,5.6
2017-01-22 06:30,28.1
2017-01-22 06:40,55.5
2017-01-22 06:50,91.6
2017-01-22 07:00,137.6
2017-01-22 07:10,189.9
2017-01-22 07:20,245.5
2017-01-22 07:30,301.5
2017-01-22 07:40,347
2017-01-22 07:50,403.7
2017-01-22 08:00,466.4
2017-01-22 08:10,518.8
2017-01-22 08:20,535.5
2017-01-22 08:30,249
2017-01-22 08:40,354.5
2017-01-22 08:50,626
2017-01-22 09:00,765.6
2017-01-22 09:10,641
2017-01-22 09:20,520.2
2017-01-22 09:30,587
2017-01-22 09:40,191.9
2017-01-22 09:50,628.6
2017-01-22 10:00,1091.7
2017-01-22 10:10,703.8
2017-01-22 10:20,706
2017-01-22 10:30,477.6
2017-01-22 10:40,733.2
2017-01-22 10:50,452.4
2017-01-22 11:00,767.4
2017-01-22 11:10,783.5
2017-01-22 11:20,1308.2
2017-01-22 11:30,1223.8
2017-01-22 11:40,1174.2
2017-01-22 11:50,1037.8
2017-01-22 12:00,1245.8
2017-01-22 12:10,1234.3
2017-01-22 12:20,1224.5
2017-01-22 12:30,1217.4
2017-01-22 12:40,1228
2017-01-22 12:50,1108.6
2017-01-22 13:00,1108.2
2017-01-22 13:10,1207.6
2017-01-22 13:20,1190.9
2017-01-22 13:30,1182.7
2017-01-22 13:40,1155
2017-01-22 13:50,1154.6
2017-01-22 14:00,1142.9
2017-01-22 14:10,1106.9
2017-01-22 14:20,1100.6
2017-01-22 14:30,1041.7
2017-01-22 14:40,1016.9
2017-01-22 14:50,981.4
2017-01-22 15:00,946.3
2017-01-22 15:10,914.2
2017-01-22 15:20,932.8
2017-01-22 15:30,851
2017-01-22 15:40,773.3
2017-01-22 15:50,787.7
2017-01-22 16:00,736.4
2017-01-22 16:10,693
2017-01-22 16:20,535.3
2017-01-22 16:30,578.4
2017-01-22 16:40,394.3
2017-01-22 16:50,423.2
2017-01-22 17:00,270.5
2017-01-22 17:10,245.5
2017-01-22 17:20,201.7
2017-01-22 17:30,138.4
2017-01-22 17:40,82.9
2017-01-22 17:50,49.6
2017-01-22 18:00,31.5
2017-01-22 18:10,17.7
2017-01-22 18:20,0.3
2017-01-22 18:30,0
2017-01-22 18:40,0
2017-01-22 18:50,0
2017-01-22 19:00,0
2017-01-22 19:10,0
2017-01-22 19:20,0
2017-01-22 19:30,0
2017-01-22 19:40,0
2017-01-22 19:50,0
2017-01-22 20:00,0
2017-01-22 20:10,0
2017-01-22 20:20,0
2017-01-22 20:30,0
2017-01-22 20:40,0
2017-01-22 20:50,0
2017-01-22 21:00,0
2017-01-22 21:10,0
2017-01-22 21:20,0
2017-01-22 21:30,0
2017-01-22 21:40,0
2017-01-22 21:50,0
2017-01-22 22:00,0
2017-01-22 22:10,0
2017-01-22 22:20,0
2017-01-22 22:30,0
2017-01-22 22:40,0
2017-01-22 22:50,0
2017-01-22 23:00,0
2017-01-22 23:10,0
2017-01-22 23:20,0
2017-01-22 23:30,0
2017-01-22 23:40,0
2017-01-22 23:50,0
2017-01-23 00:00,0
2017-01-23 00:10,0
2017-01-23 00:20,0
2017-01-23 00:30,0
2017-01-23 00:40,0
2017-01-23 00:50,0
2017-01-23 01:00,0
2017-01-23 01:10,0
2017-01-23 01:20,0
2017-01-23 01:30,0
2017-01-23 01:40,0
2017-01-23 01:50,0
2017-01-23 02:00,0
2017-01-23 02:10,0
2017-01-23 02:20,0
2017-01-23 02:30,0
2017-01-23 02:40,0
2017-01-23 02:50,0
2017-01-23 03:00,0
2017-01-23 03:10,0
2017-01-23 03:20,0
2017-01-23 03:30,0
2017-01-23 03:40,0
2017-01-23 03:50,0
2017-01-23 04:00,0
2017-01-23 04:10,0
2017-01-23 04:20,0
2017-01-23 04:30,0
2017-01-23 04:40,0
2017-01-23 04:50,0
2017-01-23 05:00,0
2017-01-23 05:10,0
2017-01-23 05:20,0
2017-01-23 05:30,0
2017-01-23 05:40,0
2017-01-23 05:50,0
2017-01-23 06:00,0
2017-01-23 06:10,0
2017-01-23 06:20,3.3
2017-01-23 06:30,22
2017-01-23 06:40,44.6
2017-01-23 06:50,77.6
2017-01-23 07:00,120.7
2017-01-23 07:10,171.4
2017-01-23 07:20,227.7
2017-01-23 07:30,287.8
2017-01-23 07:40,364.7
2017-01-23 07:50,440.3
2017-01-23 08:00,355.4
2017-01-23 08:10,600.7
2017-01-23 08:20,457.1
2017-01-23 08:30,581.3
2017-01-23 08:40,680.6
2017-01-23 08:50,737.2
2017-01-23 09:00,791.4
2017-01-23 09:10,849.2
2017-01-23 09:20,853.9
2017-01-23 09:30,693.7
2017-01-23 09:40,811.9
2017-01-23 09:50,1000.4
2017-01-23 10:00,1022.3
2017-01-23 10:10,1038.3
2017-01-23 10:20,1067.1
2017-01-23 10:30,1089.4
2017-01-23 10:40,1109
2017-01-23 10:50,1128
2017-01-23 11:00,1142
2017-01-23 11:10,1156.9
2017-01-23 11:20,1166
2017-01-23 11:30,1176.6
2017-01-23 11:40,1186
2017-01-23 11:50,1203.8
2017-01-23 12:00,1212.8
2017-01-23 12:10,1218.9
2017-01-23 12:20,1219.1
2017-01-23 12:30,1210.9
2017-01-23 12:40,1199.6
2017-01-23 12:50,1193
2017-01-23 13:00,1147.6
2017-01-23 13:10,1162.1
2017-01-23 13:20,1178.7
2017-01-23 13:30,1156.3
2017-01-23 13:40,1157.8
2017-01-23 13:50,1182.3
2017-01-23 14:00,1055.5
2017-01-23 14:10,1090
2017-01-23 14:20,1092.4
2017-01-23 14:30,898
2017-01-23 14:40,890.1
2017-01-23 14:50,846.3
2017-01-23 15:00,648.9
2017-01-23 15:10,379.5
2017-01-23 15:20,800.3
2017-01-23 15:30,863.6
2017-01-23 15:40,819.8
2017-01-23 15:50,773.3
2017-01-23 16:00,434
2017-01-23 16:10,541.1
2017-01-23 16:20,549
2017-01-23 16:30,477.8
2017-01-23 16:40,417.8
2017-01-23 16:50,359.6
2017-01-23 17:00,294.8
2017-01-23 17:10,224.3
2017-01-23 17:20,140.7
2017-01-23 17:30,112.4
2017-01-23 17:40,51.5
2017-01-23 17:50,35.3
2017-01-23 18:00,17.3
2017-01-23 18:10,5.9
2017-01-23 18:20,0
2017-01-23 18:30,0
2017-01-23 18:40,0
2017-01-23 18:50,0
2017-01-23 19:00,0
2017-01-23 19:10,0
2017-01-23 19:20,0
2017-01-23 19:30,0
2017-01-23 19:40,0
2017-01-23 19:50,0
2017-01-23 20:00,0
2017-01-23 20:10,0
2017-01-23 20:20,0
2017-01-23 20:30,0
2017-01-23 20:40,0
2017-01-23 20:50,0
2017-01-23 21:00,0
2017-01-23 21:10,0
2017-01-23 21:20,0
2017-01-23 21:30,0
2017-01-23 21:40,0
2017-01-23 21:50,0
2017-01-23 22:00,0
2017-01-23 22:10,0
2017-01-23 22:20,0
2017-01-23 22:30,0
2017-01-23 22:40,0
2017-01-23 22:50,0
2017-01-23 23:00,0
2017-01-23 23:10,0
2017-01-23 23:20,0
2017-01-23 23:30,0
2017-01-23 23:40,0
2017-01-23 23:50,0
2017-01-24 00:00,0
2017-01-24 00:10,0
2017-01-24 00:20,0
2017-01-24 00:30,0
2017-01-24 00:40,0
2017-01-24 00:50,0
2017-01-24 01:00,0
2017-01-24 01:10,0
2017-01-24 01:20,0
2017-01-24 01:30,0
2017-01-24 01:40,0
2017-01-24 01:50,0
2017-01-24 02:00,0
2017-01-24 02:10,0
2017-01-24 02:20,0
2017-01-24 02:30,0
2017-01-24 02:40,0
2017-01-24 02:50,0
2017-01-24 03:00,0
2017-01-24 03:10,0
2017-01-24 03:20,0
2017-01-24 03:30,0
2017-01-24 03:40,0
2017-01-24 03:50,0
2017-01-24 04:00,0
2017-01-24 04:10,0
2017-01-24 04:20,0
2017-01-24 04:30,0
2017-01-24 04:40,0
2017-01-24 04:50,0
2017-01-24 05:00,0
2017-01-24 05:10,0
2017-01-24 05:20,0
2017-01-24 05:30,0
2017-01-24 05:40,0
2017-01-24 05:50,0
2017-01-24 06:00,0
2017-01-24 06:10,0
2017-01-24 06:20,2.3
2017-01-24 06:30,20.7
2017-01-24 06:40,37.5
2017-01-24 06:50,72.8
2017-01-24 07:00,120.4
2017-01-24 07:10,121
2017-01-24 07:20,238.6
2017-01-24 07:30,191.2
2017-01-24 07:40,363.3
2017-01-24 07:50,406.8
2017-01-24 08:00,467.7
2017-01-24 08:10,308.1
2017-01-24 08:20,532.8
2017-01-24 08:30,648.8
2017-01-24 08:40,511.6
2017-01-24 08:50,553.9
2017-01-24 09:00,829.7
2017-01-24 09:10,702.7
2017-01-24 09:20,887.3
2017-01-24 09:30,435.2
2017-01-24 09:40,908.5
2017-01-24 09:50,651.6
2017-01-24 10:00,887.6
2017-01-24 10:10,873.3
2017-01-24 10:20,884
2017-01-24 10:30,778.5
2017-01-24 10:40,836.1
2017-01-24 10:50,953.7
2017-01-24 11:00,1104.3
2017-01-24 11:10,1204.3
2017-01-24 11:20,1173.5
2017-01-24 11:30,1032
2017-01-24 11:40,1072.2
2017-01-24 11:50,1156.8
2017-01-24 12:00,956.9
2017-01-24 12:10,1190.1
2017-01-24 12:20,1116.8
2017-01-24 12:30,1148.9
2017-01-24 12:40,1115.2
2017-01-24 12:50,1170.2
2017-01-24 13:00,1146.3
2017-01-24 13:10,1093.5
2017-01-24 13:20,1122.1
2017-01-24 13:30,1133.8
2017-01-24 13:40,1120.7
2017-01-24 13:50,1100.3
2017-01-24 14:00,1020
2017-01-24 14:10,1047.8
2017-01-24 14:20,886.5
2017-01-24 14:30,933.5
2017-01-24 14:40,865
2017-01-24 14:50,765.9
2017-01-24 15:00,806.5
2017-01-24 15:10,900.5
2017-01-24 15:20,841.7
2017-01-24 15:30,803.1
2017-01-24 15:40,744.4
2017-01-24 15:50,689.4
2017-01-24 16:00,643.3
2017-01-24 16:10,606.5
2017-01-24 16:20,546.3
2017-01-24 16:30,485.2
2017-01-24 16:40,420.7
2017-01-24 16:50,354.7
2017-01-24 17:00,294.8
2017-01-24 17:10,227
2017-01-24 17:20,169.6
2017-01-24 17:30,112.8
2017-01-24 17:40,70.5
2017-01-24 17:50,34.3
2017-01-24 18:00,18.6
2017-01-24 18:10,8.6
2017-01-24 18:20,0
2017-01-24 18:30,0
2017-01-24 18:40,0
2017-01-24 18:50,0
2017-01-24 19:00,0
2017-01-24 19:10,0
2017-01-24 19:20,0
2017-01-24 19:30,0
2017-01-24 19:40,0
2017-01-24 19:50,0
2017-01-24 20:00,0
2017-01-24 20:10,0
2017-01-24 20:20,0
2017-01-24 20:30,0
2017-01-24 20:40,0
2017-01-24 20:50,0
2017-01-24 21:00,0
2017-01-24 21:10,0
2017-01-24 21:20,0
2017-01-24 21:30,0
2017-01-24 21:40,0
2017-01-24 21:50,0
2017-01-24 22:00,0
2017-01-24 22:10,0
2017-01-24 22:20,0
2017-01-24 22:30,0
2017-01-24 22:40,0
2017-01-24 22:50,0
2017-01-24 23:00,0
2017-01-24 23:10,0
2017-01-24 23:20,0
2017-01-24 23:30,0
2017-01-24 23:40,0
2017-01-24 23:50,0
2017-01-25 00:00,0
2017-01-25 00:10,0
2017-01-25 00:20,0
2017-01-25 00:30,0
2017-01-25 00:40,0
2017-01-25 00:50,0
2017-01-25 01:00,0
2017-01-25 01:10,0
2017-01-25 01:20,0
2017-01-25 01:30,0
2017-01-25 01:40,0
2017-01-25 01:50,0
2017-01-25 02:00,0
2017-01-25 02:10,0
2017-01-25 02:20,0
2017-01-25 02:30,0
2017-01-25 02:40,0
2017-01-25 02:50,0
2017-01-25 03:00,0
2017-01-25 03:10,0
2017-01-25 03:20,0
2017-01-25 03:30,0
2017-01-25 03:40,0
2017-01-25 03:50,0
2017-01-25 04:00,0
2017-01-25 04:10,0
2017-01-25 04:20,0
2017-01-25 04:30,0
2017-01-25 04:40,0
2017-01-25 04:50,0
2017-01-25 05:00,0
2017-01-25 05:10,0
2017-01-25 05:20,0
2017-01-25 05:30,0
2017-01-25 05:40,0
2017-01-25 05:50,0
2017-01-25 06:00,0
2017-01-25 06:10,0
2017-01-25 06:20,1.8
2017-01-25 06:30,17.2
2017-01-25 06:40,42.1
2017-01-25 06:50,76
2017-01-25 07:00,118.1
2017-01-25 07:10,169.3
2017-01-25 07:20,224.8
2017-01-25 07:30,281.7
2017-01-25 07:40,337.4
2017-01-25 07:50,393
2017-01-25 08:00,449.4
2017-01-25 08:10,508.4
2017-01-25 08:20,573
2017-01-25 08:30,598.2
2017-01-25 08:40,716.1
2017-01-25 08:50,797
2017-01-25 09:00,831.1
2017-01-25 09:10,992.3
2017-01-25 09:20,754.5
2017-01-25 09:30,801.2
2017-01-25 09:40,874.6
2017-01-25 09:50,1015.9
2017-01-25 10:00,1135.5
2017-01-25 10:10,1153.5
2017-01-25 10:20,841
2017-01-25 10:30,772.5
2017-01-25 10:40,760.9
2017-01-25 10:50,498.6
2017-01-25 11:00,542.8
2017-01-25 11:10,375.8
2017-01-25 11:20,357
2017-01-25 11:30,400.4
2017-01-25 11:40,426.5
2017-01-25 11:50,456.6
2017-01-25 12:00,465.7
2017-01-25 12:10,484.2
2017-01-25 12:20,827.4
2017-01-25 12:30,730.3
2017-01-25 12:40,824.9
2017-01-25 12:50,1128
2017-01-25 13:00,1071.7
2017-01-25 13:10,434.2
2017-01-25 13:20,410.7
2017-01-25 13:30,637.3
2017-01-25 13:40,925.8
2017-01-25 13:50,982.2
2017-01-25 14:00,1022.8
2017-01-25 14:10,1159.7
2017-01-25 14:20,1183.3
2017-01-25 14:30,943.4
2017-01-25 14:40,1040.3
2017-01-25 14:50,1040.1
2017-01-25 15:00,1019.8
2017-01-25 15:10,1025
2017-01-25 15:20,980.9
2017-01-25 15:30,872
2017-01-25 15:40,801.2
2017-01-25 15:50,725.5
2017-01-25 16:00,685.2
2017-01-25 16:10,659.8
2017-01-25 16:20,607.8
2017-01-25 16:30,550.8
2017-01-25 16:40,477.6
2017-01-25 16:50,408.3
2017-01-25 17:00,326.6
2017-01-25 17:10,249.6
2017-01-25 17:20,185.6
2017-01-25 17:30,141.9
2017-01-25 17:40,94.4
2017-01-25 17:50,52.5
2017-01-25 18:00,26.3
2017-01-25 18:10,12.8
2017-01-25 18:20,0
2017-01-25 18:30,0
2017-01-25 18:40,0
2017-01-25 18:50,0
2017-01-25 19:00,0
2017-01-25 19:10,0
2017-01-25 19:20,0
2017-01-25 19:30,0
2017-01-25 19:40,0
2017-01-25 19:50,0
2017-01-25 20:00,0
2017-01-25 20:10,0
2017-01-25 20:20,0
2017-01-25 20:30,0
2017-01-25 20:40,0
2017-01-25 20:50,0
2017-01-25 21:00,0
2017-01-25 21:10,0
2017-01-25 21:20,0
2017-01-25 21:30,0
2017-01-25 21:40,0
2017-01-25 21:50,0
2017-01-25 22:00,0
2017-01-25 22:10,0
2017-01-25 22:20,0
2017-01-25 22:30,0
2017-01-25 22:40,0
2017-01-25 22:50,0
2017-01-25 23:00,0
2017-01-25 23:10,0
2017-01-25 23:20,0
2017-01-25 23:30,0
2017-01-25 23:40,0
2017-01-25 23:50,0
2017-01-26 00:00,0
2017-01-26 00:10,0
2017-01-26 00:20,0
2017-01-26 00:30,0
2017-01-26 00:40,0
2017-01-26 00:50,0
2017-01-26 01:00,0
2017-01-26 01:10,0
2017-01-26 01:20,0
2017-01-26 01:30,0
2017-01-26 01:40,0
2017-01-26 01:50,0
2017-01-26 02:00,0
2017-01-26 02:10,0
2017-01-26 02:20,0
2017-01-26 02:30,0
2017-01-26 02:40,0
2017-01-26 02:50,0
2017-01-26 03:00,0
2017-01-26 03:10,0
2017-01-26 03:20,0
2017-01-26 03:30,0
2017-01-26 03:40,0
2017-01-26 03:50,0
2017-01-26 04:00,0
2017-01-26 04:10,0
2017-01-26 04:20,0
2017-01-26 04:30,0
2017-01-26 04:40,0
2017-01-26 04:50,0
2017-01-26 05:00,0
2017-01-26 05:10,0
2017-01-26 05:20,0
2017-01-26 05:30,0
2017-01-26 05:40,0
2017-01-26 05:50,0
2017-01-26 06:00,0
2017-01-26 06:10,0
2017-01-26 06:20,1.8
2017-01-26 06:30,20
2017-01-26 06:40,42.4
2017-01-26 06:50,75.8
2017-01-26 07:00,115.4
2017-01-26 07:10,166.6
2017-01-26 07:20,223.4
2017-01-26 07:30,281.2
2017-01-26 07:40,337.6
2017-01-26 07:50,383.8
2017-01-26 08:00,439.1
2017-01-26 08:10,503.2
2017-01-26 08:20,548.4
2017-01-26 08:30,661.2
2017-01-26 08:40,714.7
2017-01-26 08:50,837.7
2017-01-26 09:00,824.5
2017-01-26 09:10,852.9
2017-01-26 09:20,872.8
2017-01-26 09:30,916.6
2017-01-26 09:40,963.9
2017-01-26 09:50,1003.6
2017-01-26 10:00,951.1
2017-01-26 10:10,826.2
2017-01-26 10:20,1036.7
2017-01-26 10:30,975.4
2017-01-26 10:40,741.6
2017-01-26 10:50,1200.2
2017-01-26 11:00,1005.6
2017-01-26 11:10,752.9
2017-01-26 11:20,1060.9
2017-01-26 11:30,1186.9
2017-01-26 11:40,1093.4
2017-01-26 11:50,764.6
2017-01-26 12:00,833.4
2017-01-26 12:10,947.6
2017-01-26 12:20,1193.7
2017-01-26 12:30,1185.9
2017-01-26 12:40,1138.5
2017-01-26 12:50,1289.3
2017-01-26 13:00,980.7
2017-01-26 13:10,712
2017-01-26 13:20,848.5
2017-01-26 13:30,525.7
2017-01-26 13:40,525.7
2017-01-26 13:50,833.3
2017-01-26 14:00,956.6
2017-01-26 14:10,1088.6
2017-01-26 14:20,1083.9
2017-01-26 14:30,1053.8
2017-01-26 14:40,916.3
2017-01-26 14:50,893.8
2017-01-26 15:00,905
2017-01-26 15:10,871.1
2017-01-26 15:20,832.6
2017-01-26 15:30,792.2
2017-01-26 15:40,758.6
2017-01-26 15:50,711.7
2017-01-26 16:00,659.7
2017-01-26 16:10,580.4
2017-01-26 16:20,534.6
2017-01-26 16:30,494.4
2017-01-26 16:40,384
2017-01-26 16:50,246.6
2017-01-26 17:00,289.6
2017-01-26 17:10,149.7
2017-01-26 17:20,96.6
2017-01-26 17:30,59.4
2017-01-26 17:40,56.4
2017-01-26 17:50,37.7
2017-01-26 18:00,20.7
2017-01-26 18:10,6.8
2017-01-26 18:20,0
2017-01-26 18:30,0
2017-01-26 18:40,0
2017-01-26 18:50,0
2017-01-26 19:00,0
2017-01-26 19:10,0
2017-01-26 19:20,0
2017-01-26 19:30,0
2017-01-26 19:40,0
2017-01-26 19:50,0
2017-01-26 20:00,0
2017-01-26 20:10,0
2017-01-26 20:20,0
2017-01-26 20:30,0
2017-01-26 20:40,0
2017-01-26 20:50,0
2017-01-26 21:00,0
2017-01-26 21:10,0
2017-01-26 21:20,0
2017-01-26 21:30,0
2017-01-26 21:40,0
2017-01-26 21:50,0
2017-01-26 22:00,0
2017-01-26 22:10,0
2017-01-26 22:20,0
2017-01-26 22:30,0
2017-01-26 22:40,0
2017-01-26 22:50,0
2017-01-26 23:00,0
2017-01-26 23:10,0
2017-01-26 23:20,0
2017-01-26 23:30,0
2017-01-26 23:40,0
2017-01-26 23:50,0
2017-01-27 00:00,0
2017-01-27 00:10,0
2017-01-27 00:20,0
2017-01-27 00:30,0
2017-01-27 00:40,0
2017-01-27 00:50,0
2017-01-27 01:00,0
2017-01-27 01:10,0
2017-01-27 01:20,0
2017-01-27 01:30,0
2017-01-27 01:40,0
2017-01-27 01:50,0
2017-01-27 02:00,0
2017-01-27 02:10,0
2017-01-27 02:20,0
2017-01-27 02:30,0
2017-01-27 02:40,0
2017-01-27 02:50,0
2017-01-27 03:00,0
2017-01-27 03:10,0
2017-01-27 03:20,0
2017-01-27 03:30,0
2017-01-27 03:40,0
2017-01-27 03:50,0
2017-01-27 04:00,0
2017-01-27 04:10,0
2017-01-27 04:20,0
2017-01-27 04:30,0
2017-01-27 04:40,0
2017-01-27 04:50,0
2017-01-27 05:00,0
2017-01-27 05:10,0
2017-01-27 05:20,0
2017-01-27 05:30,0
2017-01-27 05:40,0
2017-01-27 05:50,0
2017-01-27 06:00,0
2017-01-27 06:10,0
2017-01-27 06:20,3.8
2017-01-27 06:30,21.6
2017-01-27 06:40,38.2
2017-01-27 06:50,68.2
2017-01-27 07:00,110.9
2017-01-27 07:10,153.1
2017-01-27 07:20,202.5
2017-01-27 07:30,257.8
2017-01-27 07:40,316.2
2017-01-27 07:50,362.7
2017-01-27 08:00,433.6
2017-01-27 08:10,493.1
2017-01-27 08:20,541.9
2017-01-27 08:30,590.1
2017-01-27 08:40,648.9
2017-01-27 08:50,702.1
2017-01-27 09:00,753.4
2017-01-27 09:10,791.2
2017-01-27 09:20,837.7
2017-01-27 09:30,884.8
2017-01-27 09:40,925.2
2017-01-27 09:50,955.6
2017-01-27 10:00,982.4
2017-01-27 10:10,1005.5
2017-01-27 10:20,1036.8
2017-01-27 10:30,1061.8
2017-01-27 10:40,1081.6
2017-01-27 10:50,1096.5
2017-01-27 11:00,1124.6
2017-01-27 11:10,1135.4
2017-01-27 11:20,1147.9
2017-01-27 11:30,1159.7
2017-01-27 11:40,1162.2
2017-01-27 11:50,1167
2017-01-27 12:00,1178.6
2017-01-27 12:10,1173.9
2017-01-27 12:20,1169.4
2017-01-27 12:30,1160.5
2017-01-27 12:40,1150.7
2017-01-27 12:50,1157.9
2017-01-27 13:00,1152.9
2017-01-27 13:10,1140.3
2017-01-27 13:20,1127.1
2017-01-27 13:30,1107.1
2017-01-27 13:40,1093.8
2017-01-27 13:50,1077.6
2017-01-27 14:00,1055.2
2017-01-27 14:10,1030.4
2017-01-27 14:20,1014.5
2017-01-27 14:30,991.5
2017-01-27 14:40,961.3
2017-01-27 14:50,923.2
2017-01-27 15:00,893.1
2017-01-27 15:10,855.5
2017-01-27 15:20,812.8
2017-01-27 15:30,769.3
2017-01-27 15:40,724.9
2017-01-27 15:50,678.6
2017-01-27 16:00,631.2
2017-01-27 16:10,577.7
2017-01-27 16:20,522.1
2017-01-27 16:30,453.4
2017-01-27 16:40,322.8
2017-01-27 16:50,312.8
2017-01-27 17:00,252.2
2017-01-27 17:10,227.5
2017-01-27 17:20,171.2
2017-01-27 17:30,116.3
2017-01-27 17:40,77.1
2017-01-27 17:50,48.7
2017-01-27 18:00,31.2
2017-01-27 18:10,20.1
2017-01-27 18:20,3.7
2017-01-27 18:30,0
2017-01-27 18:40,0
2017-01-27 18:50,0
2017-01-27 19:00,0
2017-01-27 19:10,0
2017-01-27 19:20,0
2017-01-27 19:30,0
2017-01-27 19:40,0
2017-01-27 19:50,0
2017-01-27 20:00,0
2017-01-27 20:10,0
2017-01-27 20:20,0
2017-01-27 20:30,0
2017-01-27 20:40,0
2017-01-27 20:50,0
2017-01-27 21:00,0
2017-01-27 21:10,0
2017-01-27 21:20,0
2017-01-27 21:30,0
2017-01-27 21:40,0
2017-01-27 21:50,0
2017-01-27 22:00,0
2017-01-27 22:10,0
2017-01-27 22:20,0
2017-01-27 22:30,0
2017-01-27 22:40,0
2017-01-27 22:50,0
2017-01-27 23:00,0
2017-01-27 23:10,0
2017-01-27 23:20,0
2017-01-27 23:30,0
2017-01-27 23:40,0
2017-01-27 23:50,0
2017-01-28 00:00,0
2017-01-28 00:10,0
2017-01-28 00:20,0
2017-01-28 00:30,0
2017-01-28 00:40,0
2017-01-28 00:50,0
2017-01-28 01:00,0
2017-01-28 01:10,0
2017-01-28 01:20,0
2017-01-28 01:30,0
2017-01-28 01:40,0
2017-01-28 01:50,0
2017-01-28 02:00,0
2017-01-28 02:10,0
2017-01-28 02:20,0
2017-01-28 02:30,0
2017-01-28 02:40,0
2017-01-28 02:50,0
2017-01-28 03:00,0
2017-01-28 03:10,0
2017-01-28 03:20,0
2017-01-28 03:30,0
2017-01-28 03:40,0
2017-01-28 03:50,0
2017-01-28 04:00,0
2017-01-28 04:10,0
2017-01-28 04:20,0
2017-01-28 04:30,0
2017-01-28 04:40,0
2017-01-28 04:50,0
2017-01-28 05:00,0
2017-01-28 05:10,0
2017-01-28 05:20,0
2017-01-28 05:30,0
2017-01-28 05:40,0
2017-01-28 05:50,0
2017-01-28 06:00,0
2017-01-28 06:10,0
2017-01-28 06:20,0.6
2017-01-28 06:30,18.7
2017-01-28 06:40,41.2
2017-01-28 06:50,67.8
2017-01-28 07:00,101.2
2017-01-28 07:10,141.6
2017-01-28 07:20,249.9
2017-01-28 07:30,268
2017-01-28 07:40,324.9
2017-01-28 07:50,422.8
2017-01-28 08:00,513.8
2017-01-28 08:10,606.9
2017-01-28 08:20,601
2017-01-28 08:30,619.1
2017-01-28 08:40,662.3
2017-01-28 08:50,708.5
2017-01-28 09:00,752.1
2017-01-28 09:10,797
2017-01-28 09:20,836.4
2017-01-28 09:30,876.8
2017-01-28 09:40,914.8
2017-01-28 09:50,951.1
2017-01-28 10:00,984.2
2017-01-28 10:10,1014.6
2017-01-28 10:20,1036.1
2017-01-28 10:30,1059
2017-01-28 10:40,1077.2
2017-01-28 10:50,1099.1
2017-01-28 11:00,1117.2
2017-01-28 11:10,1148.6
2017-01-28 11:20,1162.5
2017-01-28 11:30,1163.5
2017-01-28 11:40,1176.4
2017-01-28 11:50,1178.7
2017-01-28 12:00,1176
2017-01-28 12:10,1174.8
2017-01-28 12:20,1175.8
2017-01-28 12:30,1171.7
2017-01-28 12:40,1167.3
2017-01-28 12:50,1166.5
2017-01-28 13:00,1162.1
2017-01-28 13:10,1145
2017-01-28 13:20,1071.8
2017-01-28 13:30,1121.1
2017-01-28 13:40,1109.5
2017-01-28 13:50,1056.8
2017-01-28 14:00,1058.6
2017-01-28 14:10,1034
2017-01-28 14:20,977.6
2017-01-28 14:30,987.4
2017-01-28 14:40,959.1
2017-01-28 14:50,926
2017-01-28 15:00,890.2
2017-01-28 15:10,853.6
2017-01-28 15:20,816.5
2017-01-28 15:30,778.1
2017-01-28 15:40,731.1
2017-01-28 15:50,689.5
2017-01-28 16:00,637.8
2017-01-28 16:10,594
2017-01-28 16:20,539.9
2017-01-28 16:30,484.8
2017-01-28 16:40,426
2017-01-28 16:50,361.5
2017-01-28 17:00,302.3
2017-01-28 17:10,231.6
2017-01-28 17:20,170.5
2017-01-28 17:30,115.8
2017-01-28 17:40,72.5
2017-01-28 17:50,42.1
2017-01-28 18:00,24.2
2017-01-28 18:10,13
2017-01-28 18:20,0
2017-01-28 18:30,0
2017-01-28 18:40,0
2017-01-28 18:50,0
2017-01-28 19:00,0
2017-01-28 19:10,0
2017-01-28 19:20,0
2017-01-28 19:30,0
2017-01-28 19:40,0
2017-01-28 19:50,0
2017-01-28 20:00,0
2017-01-28 20:10,0
2017-01-28 20:20,0
2017-01-28 20:30,0
2017-01-28 20:40,0
2017-01-28 20:50,0
2017-01-28 21:00,0
2017-01-28 21:10,0
2017-01-28 21:20,0
2017-01-28 21:30,0
2017-01-28 21:40,0
2017-01-28 21:50,0
2017-01-28 22:00,0
2017-01-28 22:10,0
2017-01-28 22:20,0
2017-01-28 22:30,0
2017-01-28 22:40,0
2017-01-28 22:50,0
2017-01-28 23:00,0
2017-01-28 23:10,0
2017-01-28 23:20,0
2017-01-28 23:30,0
2017-01-28 23:40,0
2017-01-28 23:50,0
2017-01-29 00:00,0
2017-01-29 00:10,0
2017-01-29 00:20,0
2017-01-29 00:30,0
2017-01-29 00:40,0
2017-01-29 00:50,0
2017-01-29 01:00,0
2017-01-29 01:10,0
2017-01-29 01:20,0
2017-01-29 01:30,0
2017-01-29 01:40,0
2017-01-29 01:50,0
2017-01-29 02:00,0
2017-01-29 02:10,0
2017-01-29 02:20,0
2017-01-29 02:30,0
2017-01-29 02:40,0
2017-01-29 02:50,0
2017-01-29 03:00,0
2017-01-29 03:10,0
2017-01-29 03:20,0
2017-01-29 03:30,0
2017-01-29 03:40,0
2017-01-29 03:50,0
2017-01-29 04:00,0
2017-01-29 04:10,0
2017-01-29 04:20,0
2017-01-29 04:30,0
2017-01-29 04:40,0
2017-01-29 04:50,0
2017-01-29 05:00,0
2017-01-29 05:10,0
2017-01-29 05:20,0
2017-01-29 05:30,0
2017-01-29 05:40,0
2017-01-29 05:50,0
2017-01-29 06:00,0
2017-01-29 06:10,0
2017-01-29 06:20,0.7
2017-01-29 06:30,17.6
2017-01-29 06:40,31.5
2017-01-29 06:50,42.5
2017-01-29 07:00,51.5
2017-01-29 07:10,62.2
2017-01-29 07:20,80.2
2017-01-29 07:30,119.2
2017-01-29 07:40,159.4
2017-01-29 07:50,199.9
2017-01-29 08:00,250.7
2017-01-29 08:10,309.9
2017-01-29 08:20,288.6
2017-01-29 08:30,273.3
2017-01-29 08:40,266.5
2017-01-29 08:50,280.9
2017-01-29 09:00,314.2
2017-01-29 09:10,334.6
2017-01-29 09:20,365.3
2017-01-29 09:30,429.3
2017-01-29 09:40,471.5
2017-01-29 09:50,492.2
2017-01-29 10:00,568.4
2017-01-29 10:10,728.4
2017-01-29 10:20,1102.5
2017-01-29 10:30,1081.1
2017-01-29 10:40,1099.9
2017-01-29 10:50,1124.4
2017-01-29 11:00,1142.4
2017-01-29 11:10,1165.3
2017-01-29 11:20,1220
2017-01-29 11:30,1120.7
2017-01-29 11:40,1155.7
2017-01-29 11:50,886.2
2017-01-29 12:00,1082
2017-01-29 12:10,995.5
2017-01-29 12:20,254.2
2017-01-29 12:30,159.4
2017-01-29 12:40,160.1
2017-01-29 12:50,232.1
2017-01-29 13:00,297.7
2017-01-29 13:10,291.1
2017-01-29 13:20,330.5
2017-01-29 13:30,447.3
2017-01-29 13:40,664.3
2017-01-29 13:50,952.3
2017-01-29 14:00,765.5
2017-01-29 14:10,689.1
2017-01-29 14:20,622.8
2017-01-29 14:30,533
2017-01-29 14:40,517.6
2017-01-29 14:50,451.9
2017-01-29 15:00,559.6
2017-01-29 15:10,538.3
2017-01-29 15:20,380.3
2017-01-29 15:30,337
2017-01-29 15:40,381.6
2017-01-29 15:50,456.4
2017-01-29 16:00,481.1
2017-01-29 16:10,606.3
2017-01-29 16:20,277.6
2017-01-29 16:30,306.9
2017-01-29 16:40,117.8
2017-01-29 16:50,80
2017-01-29 17:00,106
2017-01-29 17:10,58.7
2017-01-29 17:20,29
2017-01-29 17:30,22.8
2017-01-29 17:40,5.3
2017-01-29 17:50,0
2017-01-29 18:00,0.3
2017-01-29 18:10,0
2017-01-29 18:20,0
2017-01-29 18:30,0
2017-01-29 18:40,0
2017-01-29 18:50,0
2017-01-29 19:00,0
2017-01-29 19:10,0
2017-01-29 19:20,0
2017-01-29 19:30,0
2017-01-29 19:40,0
2017-01-29 19:50,0
2017-01-29 20:00,0
2017-01-29 20:10,0
2017-01-29 20:20,0
2017-01-29 20:30,0
2017-01-29 20:40,0
2017-01-29 20:50,0
2017-01-29 21:00,0
2017-01-29 21:10,0
2017-01-29 21:20,0
2017-01-29 21:30,0
2017-01-29 21:40,0
2017-01-29 21:50,0
2017-01-29 22:00,0
2017-01-29 22:10,0
2017-01-29 22:20,0
2017-01-29 22:30,0
2017-01-29 22:40,0
2017-01-29 22:50,0
2017-01-29 23:00,0
2017-01-29 23:10,0
2017-01-29 23:20,0
2017-01-29 23:30,0
2017-01-29 23:40,0
2017-01-29 23:50,0
2017-01-30 00:00,0
2017-01-30 00:10,0
2017-01-30 00:20,0
2017-01-30 00:30,0
2017-01-30 00:40,0
2017-01-30 00:50,0
2017-01-30 01:00,0
2017-01-30 01:10,0
2017-01-30 01:20,0
2017-01-30 01:30,0
2017-01-30 01:40,0
2017-01-30 01:50,0
2017-01-30 02:00,0
2017-01-30 02:10,0
2017-01-30 02:20,0
2017-01-30 02:30,0
2017-01-30 02:40,0
2017-01-30 02:50,0
2017-01-30 03:00,0
2017-01-30 03:10,0
2017-01-30 03:20,0
2017-01-30 03:30,0
2017-01-30 03:40,0
2017-01-30 03:50,0
2017-01-30 04:00,0
2017-01-30 04:10,0
2017-01-30 04:20,0
2017-01-30 04:30,0
2017-01-30 04:40,0
2017-01-30 04:50,0
2017-01-30 05:00,0
2017-01-30 05:10,0
2017-01-30 05:20,0
2017-01-30 05:30,0
2017-01-30 05:40,0
2017-01-30 05:50,0
2017-01-30 06:00,0
2017-01-30 06:10,0
2017-01-30 06:20,0
2017-01-30 06:30,4.7
2017-01-30 06:40,23.6
2017-01-30 06:50,53.5
2017-01-30 07:00,110.6
2017-01-30 07:10,158.7
2017-01-30 07:20,238.9
2017-01-30 07:30,279.5
2017-01-30 07:40,194.8
2017-01-30 07:50,254.2
2017-01-30 08:00,250.8
2017-01-30 08:10,288.5
2017-01-30 08:20,367.2
2017-01-30 08:30,443.6
2017-01-30 08:40,474.3
2017-01-30 08:50,475.8
2017-01-30 09:00,843.6
2017-01-30 09:10,715.9
2017-01-30 09:20,657.4
2017-01-30 09:30,909.3
2017-01-30 09:40,951.9
2017-01-30 09:50,973.9
2017-01-30 10:00,1026.1
2017-01-30 10:10,1024.1
2017-01-30 10:20,1047.9
2017-01-30 10:30,1108.7
2017-01-30 10:40,1140.6
2017-01-30 10:50,1004.2
2017-01-30 11:00,1168.4
2017-01-30 11:10,968.4
2017-01-30 11:20,911.2
2017-01-30 11:30,969.9
2017-01-30 11:40,834.3
2017-01-30 11:50,812.4
2017-01-30 12:00,880.5
2017-01-30 12:10,873.8
2017-01-30 12:20,789
2017-01-30 12:30,966
2017-01-30 12:40,797.4
2017-01-30 12:50,801.7
2017-01-30 13:00,1178.2
2017-01-30 13:10,1080.3
2017-01-30 13:20,1319.4
2017-01-30 13:30,1203.7
2017-01-30 13:40,1085.8
2017-01-30 13:50,1123.3
2017-01-30 14:00,1053.3
2017-01-30 14:10,680.5
2017-01-30 14:20,1145.9
2017-01-30 14:30,1094.5
2017-01-30 14:40,962.6
2017-01-30 14:50,942.7
2017-01-30 15:00,913.9
2017-01-30 15:10,875.2
2017-01-30 15:20,808.5
2017-01-30 15:30,801.7
2017-01-30 15:40,798.1
2017-01-30 15:50,767.8
2017-01-30 16:00,700.4
2017-01-30 16:10,601.7
2017-01-30 16:20,624
2017-01-30 16:30,591.9
2017-01-30 16:40,335.8
2017-01-30 16:50,289.6
2017-01-30 17:00,335.8
2017-01-30 17:10,290.4
2017-01-30 17:20,253.2
2017-01-30 17:30,189.4
2017-01-30 17:40,166.1
2017-01-30 17:50,120.6
2017-01-30 18:00,68.6
2017-01-30 18:10,31.4
2017-01-30 18:20,6.8
2017-01-30 18:30,0
2017-01-30 18:40,0
2017-01-30 18:50,0
2017-01-30 19:00,0
2017-01-30 19:10,0
2017-01-30 19:20,0
2017-01-30 19:30,0
2017-01-30 19:40,0
2017-01-30 19:50,0
2017-01-30 20:00,0
2017-01-30 20:10,0
2017-01-30 20:20,0
2017-01-30 20:30,0
2017-01-30 20:40,0
2017-01-30 20:50,0
2017-01-30 21:00,0
2017-01-30 21:10,0
2017-01-30 21:20,0
2017-01-30 21:30,0
2017-01-30 21:40,0
2017-01-30 21:50,0
2017-01-30 22:00,0
2017-01-30 22:10,0
2017-01-30 22:20,0
2017-01-30 22:30,0
2017-01-30 22:40,0
2017-01-30 22:50,0
2017-01-30 23:00,0
2017-01-30 23:10,0
2017-01-30 23:20,0
2017-01-30 23:30,0
2017-01-30 23:40,0
2017-01-30 23:50,0
2017-01-31 00:00,0
2017-01-31 00:10,0
2017-01-31 00:20,0
2017-01-31 00:30,0
2017-01-31 00:40,0
2017-01-31 00:50,0
2017-01-31 01:00,0
2017-01-31 01:10,0
2017-01-31 01:20,0
2017-01-31 01:30,0
2017-01-31 01:40,0
2017-01-31 01:50,0
2017-01-31 02:00,0
2017-01-31 02:10,0
2017-01-31 02:20,0
2017-01-31 02:30,0
2017-01-31 02:40,0
2017-01-31 02:50,0
2017-01-31 03:00,0
2017-01-31 03:10,0
2017-01-31 03:20,0
2017-01-31 03:30,0
2017-01-31 03:40,0
2017-01-31 03:50,0
2017-01-31 04:00,0
2017-01-31 04:10,0
2017-01-31 04:20,0
2017-01-31 04:30,0
2017-01-31 04:40,0
2017-01-31 04:50,0
2017-01-31 05:00,0
2017-01-31 05:10,0
2017-01-31 05:20,0
2017-01-31 05:30,0
2017-01-31 05:40,0
2017-01-31 05:50,0
2017-01-31 06:00,0
2017-01-31 06:10,0
2017-01-31 06:20,2.8
2017-01-31 06:30,26.8
2017-01-31 06:40,68.9
2017-01-31 06:50,87.6
2017-01-31 07:00,119.6
2017-01-31 07:10,144.3
2017-01-31 07:20,136.3
2017-01-31 07:30,167.1
2017-01-31 07:40,242.1
2017-01-31 07:50,238.9
2017-01-31 08:00,238.2
2017-01-31 08:10,275.2
2017-01-31 08:20,337.9
2017-01-31 08:30,276.6
2017-01-31 08:40,313.8
2017-01-31 08:50,728.1
2017-01-31 09:00,884.7
2017-01-31 09:10,855.3
2017-01-31 09:20,766.9
2017-01-31 09:30,594.3
2017-01-31 09:40,586.7
2017-01-31 09:50,1173.3
2017-01-31 10:00,977.1
2017-01-31 10:10,819.4
2017-01-31 10:20,822.6
2017-01-31 10:30,804.8
2017-01-31 10:40,848.5
2017-01-31 10:50,1117.7
2017-01-31 11:00,1009.9
2017-01-31 11:10,1257.8
2017-01-31 11:20,1174.3
2017-01-31 11:30,1170.8
2017-01-31 11:40,1184.4
2017-01-31 11:50,1194
2017-01-31 12:00,1191.9
2017-01-31 12:10,1053.1
2017-01-31 12:20,0
2017-01-31 12:30,427.1
2017-01-31 12:40,1217.2
2017-01-31 12:50,1231.4
2017-01-31 13:00,1244.4
2017-01-31 13:10,1254.8
2017-01-31 13:20,1273.2
2017-01-31 13:30,1273.8
2017-01-31 13:40,364.1
2017-01-31 13:50,527.1
2017-01-31 14:00,324.7
2017-01-31 14:10,460.6
2017-01-31 14:20,952.9
2017-01-31 14:30,482.5
2017-01-31 14:40,386
2017-01-31 14:50,882.7
2017-01-31 15:00,820.8
2017-01-31 15:10,551.5
2017-01-31 15:20,370.6
2017-01-31 15:30,397.3
2017-01-31 15:40,358.9
2017-01-31 15:50,683.3
2017-01-31 16:00,740.8
2017-01-31 16:10,468.2
2017-01-31 16:20,377.9
2017-01-31 16:30,305
2017-01-31 16:40,217
2017-01-31 16:50,150.2
2017-01-31 17:00,121.8
2017-01-31 17:10,84.6
2017-01-31 17:20,50.2
2017-01-31 17:30,43.7
2017-01-31 17:40,32.9
2017-01-31 17:50,20.1
2017-01-31 18:00,10.6
2017-01-31 18:10,0
2017-01-31 18:20,0
2017-01-31 18:30,0
2017-01-31 18:40,0
2017-01-31 18:50,0
2017-01-31 19:00,0
2017-01-31 19:10,0
2017-01-31 19:20,0
2017-01-31 19:30,0
2017-01-31 19:40,0
2017-01-31 19:50,0
2017-01-31 20:00,0
2017-01-31 20:10,0
2017-01-31 20:20,0
2017-01-31 20:30,0
2017-01-31 20:40,0
2017-01-31 20:50,0
2017-01-31 21:00,0
2017-01-31 21:10,0
2017-01-31 21:20,0
2017-01-31 21:30,0
2017-01-31 21:40,0
2017-01-31 21:50,0
2017-01-31 22:00,0
2017-01-31 22:10,0
2017-01-31 22:20,0
2017-01-31 22:30,0
2017-01-31 22:40,0
2017-01-31 22:50,0
2017-01-31 23:00,0
2017-01-31 23:10,0
2017-01-31 23:20,0
2017-01-31 23:30,0
2017-01-31 23:40,0
2017-01-31 23:50,0
